brooklyn_rank,start_station_id,start_station_name,lat,lon,capacity,trip_count,avg_duration_min,member_pct,trips_per_dock
1,5788.13,Lafayette St & E 8 St,40.73020660529954,-73.99102628231049,0,13052,9.72,91.5,
2,5779.11,Ave A & E 14 St,40.73031071000895,-73.98047178983688,41,12509,7.21,92.1,305.1
3,5905.14,University Pl & E 14 St,40.734814,-73.992085,61,11315,9.27,90.3,185.5
4,5905.12,Broadway & E 14 St,40.73454567,-73.99074142,114,11260,9.51,89.2,98.8
5,5303.06,Clinton St & Grand St,40.71559509,-73.9870295,54,10709,9.37,94.6,198.3
6,5374.01,Norfolk St & Broome St,40.7172274,-73.98802084,59,9350,10.38,89.3,158.5
7,5886.13,E 20 St & FDR Dr,40.733208626522426,-73.9756813647,75,8878,9.9,91.8,118.4
8,5303.08,Canal St & Rutgers St,40.71427487,-73.98990025,45,8814,10.3,90.4,195.9
9,5382.06,Grand St & Elizabeth St,40.718822,-73.99596,45,8807,11.53,92.0,195.7
10,5382.07,Forsyth St & Grand St,40.71779817737835,-73.99316132068634,63,8776,9.31,93.4,139.3
11,5626.07,E 7 St & Ave A,40.72621788,-73.98379855,45,8678,8.38,91.9,192.8
12,5989.02,W 15 St & 6 Ave,40.738046142482766,-73.99642959237099,75,8587,9.13,91.4,114.5
13,5308.04,Metropolitan Ave & Bedford Ave,40.71534825,-73.96024116,54,8569,10.34,88.7,158.7
14,5712.03,Cooper Square & Astor Pl,40.72951496224949,-73.99075269699097,87,8409,9.15,90.4,96.7
15,5492.05,Cleveland Pl & Spring St,40.722103786686034,-73.99724900722504,33,8377,10.95,88.5,253.8
16,5854.09,1 Ave & E 18 St,40.733812191966315,-73.98054420948029,54,8370,9.2,91.8,155.0
17,5561.06,Lafayette St & Jersey St,40.72456089,-73.99565293,60,8118,10.8,89.1,135.3
18,5593.01,E 1 St & 1 Ave,40.72335597960796,-73.98864984512329,75,8090,8.89,90.0,107.9
19,5763.03,Carmine St & 6 Ave,40.73038599,-74.00214988,63,8055,10.48,87.6,127.9
20,5636.11,Great Jones St,40.72743423,-73.99379025,23,8046,9.63,92.9,349.8
21,5947.04,W 13 St & 5 Ave,40.735445,-73.99431,43,7797,9.92,90.8,181.3
22,5847.01,Christopher St & Greenwich St,40.73291553,-74.00711384,74,7784,10.15,90.3,105.2
23,5929.01,E 23 St & 1 Ave,40.736502,-73.97809472,27,7627,10.01,94.1,282.5
24,5679.08,Bleecker St & Crosby St,40.72615604980408,-73.99510189890862,63,7601,9.96,90.6,120.7
25,6022.04,E 16 St & 5 Ave,40.73726186,-73.99238967,65,7600,9.87,91.0,116.9
26,5779.08,1 Ave & E 16 St,40.73221853,-73.98165557,54,7409,8.2,92.9,137.2
27,5863.07,E 15 St & 3 Ave,40.734232,-73.986923,78,7369,9.21,92.2,94.5
28,5445.02,Suffolk St & Stanton St,40.72066442,-73.98517977,79,7358,10.56,89.2,93.1
29,5340.01,N 7 St & Driggs Ave,40.716967,-73.956388,53,7313,8.83,88.3,138.0
30,5679.05,Mercer St & Bleecker St,40.72706363348306,-73.99662137031554,67,7302,9.37,89.2,109.0
31,5184.08,West St & Liberty St,40.711444,-74.014847,48,7296,14.27,84.1,152.0
32,5820.08,E 13 St & 2 Ave,40.73153937464073,-73.9853024482727,54,7282,10.43,87.9,134.9
33,5484.09,Allen St & Stanton St,40.722055,-73.989111,49,7250,10.08,87.8,148.0
34,5470.12,North Moore St & Greenwich St,40.72019521437465,-74.0103006362915,29,7150,9.57,94.6,246.6
35,5626.15,1 Ave & E 6 St,40.72633085971696,-73.98616880178452,94,7085,8.97,91.5,75.4
36,4395.07,Hanson Pl & Ashland Pl,40.68506807308177,-73.97790759801863,39,7024,9.99,87.6,180.1
37,5297.02,Vesey Pl & River Terrace,40.7153379,-74.01658354,57,7005,12.99,90.6,122.9
38,6030.04,W 13 St & 7 Ave,40.73781509,-73.99994661,47,6932,9.08,92.2,147.5
39,5788.15,4 Ave & E 12 St,40.732647,-73.99011,39,6840,9.34,91.8,175.4
40,5746.02,E 10 St & 2 Ave,40.72970805644994,-73.9865979552269,41,6733,9.2,90.9,164.2
41,5414.06,Allen St & Rivington St,40.72019576,-73.98997825,42,6706,10.64,87.5,159.7
42,5880.02,W 4 St & 7 Ave S,40.73401143,-74.00293877,60,6655,10.53,88.0,110.9
43,5746.14,E 11 St & 1 Ave,40.72953837,-73.98426726,61,6283,9.55,89.4,103.0
44,5703.13,Ave A & E 11 St,40.72854745023944,-73.98175925016403,69,6262,9.5,89.3,90.8
45,5659.11,E 11 St & Ave B,40.72746420692392,-73.97950418293476,66,6239,8.67,93.2,94.5
46,5343.11,Orchard St & Grand St,40.717318403855785,-73.99067759513855,45,6194,10.47,88.1,137.6
47,5971.09,E 22 St & 2 Ave,40.73716919369882,-73.98122549057007,49,6097,9.7,92.2,124.4
48,5294.04,Henry St & Grand St,40.714211,-73.981095,36,6088,9.51,94.5,169.1
49,5545.01,E 7 St & Ave C,40.72412944090093,-73.97901266813278,38,6057,9.41,92.6,159.4
50,5515.02,E 2 St & Ave B,40.72217444,-73.98368779,85,5951,8.76,89.9,70.0
51,5476.03,E 2 St & Ave C,40.7208736,-73.98085795,84,5909,9.92,90.6,70.3
52,5515.08,E 4 St & Ave B,40.723346832180155,-73.98265913128853,37,5903,9.15,89.6,159.5
53,5626.13,St Marks Pl & 1 Ave,40.72779126,-73.98564945,69,5890,9.8,91.4,85.4
54,6013.12,Gramercy Park N & Gramercy Park E,40.73795,-73.98509,47,5882,9.31,91.8,125.1
55,5755.14,University Pl & E 8 St,40.73143724085228,-73.99490341544151,79,5871,9.04,88.8,74.3
56,5406.02,Rivington St & Ridge St,40.71850211,-73.98329859,61,5844,10.47,89.2,95.8
57,5730.08,Greenwich St & W Houston St,40.728846,-74.008591,80,5804,11.5,89.9,72.6
58,4125.07,7 Ave & Park Pl,40.6776147,-73.97324283,25,5792,8.7,88.3,231.7
59,5971.08,E 20 St & 2 Ave,40.73587678,-73.98205027,84,5773,9.85,91.5,68.7
60,5584.05,E 7 St & Ave B,40.7251285241158,-73.98131668567657,69,5747,8.97,91.8,83.3
61,4051.01,Berkeley Pl & 7 Ave,40.675146838709786,-73.97523209452629,29,5718,10.12,90.7,197.2
62,5659.05,E 10 St & Ave A,40.72740794,-73.98142006,107,5669,9.68,89.4,53.0
63,5584.04,E 6 St & Ave B,40.72453734,-73.98185424,95,5614,9.87,90.8,59.1
64,5938.11,E 16 St & Irving Pl,40.735367055605394,-73.98797392845154,79,5608,9.87,92.5,71.0
65,5712.12,E 5 St & Cooper Sq,40.72769,-73.990993,50,5606,9.86,92.1,112.1
66,5175.08,Fulton St & Broadway,40.711066,-74.009447,49,5599,13.44,86.6,114.3
67,5721.14,LaGuardia Pl & W 3 St,40.72917025,-73.99810231,51,5571,10.03,90.4,109.2
68,3651.04,West Drive & Prospect Park West,40.6610633719006,-73.97945255041122,29,5554,12.78,77.7,191.5
69,5736.09,E 14 St & Ave B,40.72938685,-73.97772429,43,5545,9.31,91.4,129.0
70,5687.04,MacDougal St & Prince St,40.72710258,-74.00297088,47,5419,11.02,89.2,115.3
71,6055.08,E 20 St & Park Ave,40.73827428,-73.98751968,45,5385,9.73,93.3,119.7
72,4637.06,Fulton St & Adams St,40.692418292578466,-73.98949474096298,47,5368,11.4,88.3,114.2
73,5207.01,Centre St & Chambers St,40.71273266,-74.0046073,56,5365,13.82,76.9,95.8
74,5288.12,Murray St & Greenwich St,40.714851505262516,-74.01122331619263,49,5332,10.15,92.9,108.8
75,5335.07,Grand St & Samuel Dickstein Plaza,40.715118719964956,-73.98417055606842,81,5324,10.03,94.3,65.7
76,5610.09,6 Ave & Broome St,40.72431,-74.00473,72,5300,11.63,91.8,73.6
77,5593.04,E 4 St & 2 Ave,40.7262807,-73.98978041,78,5282,9.47,90.2,67.7
78,4651.02,Clinton Ave & Myrtle Ave,40.693261,-73.968896,33,5280,10.58,88.2,160.0
79,5561.04,Mott St & Prince St,40.72317958,-73.99480012,39,5277,10.75,88.0,135.3
80,5616.01,E 9 St & Ave C,40.72521311,-73.97768752,50,5248,9.32,90.0,105.0
81,5805.07,7 Ave S & Bleecker St,40.73213896287381,-74.00363802909851,87,5247,11.35,86.0,60.3
82,5914.03,W 11 St & 6 Ave,40.73532427,-73.99800419,79,5201,10.06,92.2,65.8
83,5134.09,Broadway & Kent Ave,40.710888,-73.968329,35,5189,11.44,85.0,148.3
84,5270.09,Market St & Henry St,40.71310702305908,-73.99446353316307,42,5164,9.9,92.6,123.0
85,5922.07,Perry St & Bleecker St,40.73535398,-74.00483091,35,5149,9.96,90.7,147.1
86,4470.09,Lafayette Ave & Ft Greene Pl,40.68700231292619,-73.97664964199066,36,5143,9.91,88.7,142.9
87,5805.05,Barrow St & Hudson St,40.73172428,-74.00674436,45,5135,10.84,91.3,114.1
88,5944.01,Franklin St & Dupont St,40.73564,-73.95866,27,5116,9.42,89.7,189.5
89,5721.01,Sullivan St & Washington Sq,40.73047747,-73.99906065,57,5113,10.94,86.8,89.7
90,5235.05,S 3 St & Bedford Ave,40.71260486,-73.96264403,25,5108,11.71,85.7,204.3
91,5788.16,E 11 St & 3 Ave,40.73127,-73.98849,80,5079,9.13,88.0,63.5
92,5445.07,Stanton St & Norfolk St,40.720747,-73.986274,49,5071,10.21,86.8,103.5
93,5523.02,Stanton St & Chrystie St,40.72229346,-73.99147535,47,5050,10.47,90.5,107.4
94,5105.01,Liberty St & Broadway,40.70905623,-74.01043382,67,5044,13.32,90.2,75.3
95,5838.09,Washington Pl & 6 Ave,40.73224119,-74.00026394,76,5001,10.22,87.0,65.8
96,5653.12,Spring St & Hudson St,40.72583996792375,-74.0076532959938,63,4971,10.77,87.1,78.9
97,5896.01,E 17 St & 2 Ave,40.73431166276575,-73.98372530937195,47,4941,9.32,92.7,105.1
98,5216.04,Barclay St & Church St,40.71291224,-74.01020234,37,4896,11.85,92.6,132.3
99,5914.08,Greenwich Ave & Charles St,40.735238,-74.000271,57,4876,9.82,90.3,85.5
100,5696.03,Pier 40 - Hudson River Park,40.7277140777778,-74.01129573583603,23,4862,13.63,76.2,211.4
101,5291.05,Graham Ave & Conselyea St,40.715143,-73.944507,30,4819,8.17,89.8,160.6
102,6004.07,E 25 St & 1 Ave,40.7381765,-73.97738662,35,4794,10.23,93.0,137.0
103,5779.10,E 14 St & 1 Ave,40.73139303364151,-73.98286700248718,34,4779,8.71,90.8,140.6
104,5922.04,Greenwich St & Perry St,40.73498,-74.00697,45,4758,9.88,91.3,105.7
105,5755.01,Washington Pl & Broadway,40.72903917,-73.99404649,27,4679,9.53,91.5,173.3
106,5636.13,E 1 St & Bowery,40.72486122254819,-73.99213135242462,44,4675,10.09,91.0,106.3
107,5388.01,Kent Ave & Grand St,40.716425,-73.96594,45,4665,12.04,84.0,103.7
108,5453.05,Forsyth St & Broome St,40.71893904,-73.99266288,66,4650,9.65,92.2,70.5
109,5545.04,E 5 St & Ave C,40.72299208,-73.97995466,55,4638,9.63,93.2,84.3
110,5422.09,Lafayette St & Grand St,40.72028,-73.99879,78,4557,11.39,88.0,58.4
111,4789.03,Clark St & Henry St,40.69760127,-73.99344559,43,4547,10.13,88.5,105.7
112,5489.03,Kent Ave & N 7 St,40.72036775298455,-73.96165072917938,79,4515,11.22,82.1,57.2
113,5550.05,Bedford Ave & Nassau Ave,40.72311651,-73.95212324,49,4478,10.49,87.6,91.4
114,5506.14,E 6 St & Ave D,40.72228087,-73.97668709,45,4442,10.21,91.9,98.7
115,5436.09,Ave D & E 3 St,40.72082834,-73.97793172,55,4433,10.87,95.1,80.6
116,5788.12,E 12 St & 3 Ave,40.73223272,-73.98889957,70,4419,8.59,91.4,63.1
117,5270.07,Forsyth St & Canal St,40.7158155,-73.99422366,29,4398,12.0,88.0,151.7
118,5453.01,Rivington St & Chrystie St,40.72110063,-73.9919254,64,4391,11.34,88.4,68.6
119,5669.12,E 6 St & 2 Ave,40.727378693232225,-73.98840844631195,69,4343,9.31,89.2,62.9
120,5351.03,Bayard St & Baxter St,40.71602118,-73.99974372,43,4305,11.89,92.0,100.1
121,4611.03,Willoughby Ave & Hall St,40.69196035,-73.96536851,51,4303,11.89,87.9,84.4
122,5238.05,St James Pl & Oliver St,40.71307916,-73.99851193,48,4299,10.29,91.3,89.6
123,4596.09,Lawrence St & Willoughby St,40.69236178,-73.98631746,39,4253,13.47,87.9,109.1
124,4605.04,Clinton St & Joralemon St,40.69239502,-73.99337909,50,4246,10.0,89.4,84.9
125,4446.01,Bergen St & Smith St,40.6867443,-73.99063168,48,4232,10.24,88.6,88.2
126,5938.01,E 19 St & 3 Ave,40.73624527,-73.98473765,35,4222,8.66,93.6,120.6
127,5379.09,Berry St & N 8 St,40.7190095,-73.95852515,27,4187,9.29,86.3,155.1
128,5453.06,Kenmare St & Elizabeth St,40.72054,-73.9949,37,4165,12.33,82.8,112.6
129,5351.07,Walker St & Baxter St,40.717411,-73.999573,47,4155,11.6,90.7,88.4
130,5379.10,N 6 St & Bedford Ave,40.71745169,-73.95850939,28,4152,9.01,86.9,148.3
131,5553.03,E 3 St & 1 Ave,40.72467721,-73.98783413,59,4130,9.35,90.0,70.0
132,5164.05,Broadway & Berry St,40.71036129922581,-73.96530389785767,34,4118,11.04,86.2,121.1
133,5955.12,Perry St & Greenwich Ave,40.735918,-74.000939,53,4070,10.19,90.8,76.8
134,3905.15,3 St & 7 Ave,40.6703837,-73.97839676,27,4063,9.61,90.6,150.5
135,3803.09,6 Ave & 9 St,40.668127,-73.98377641,27,4034,9.51,91.9,149.4
136,4895.09,Jay St & York St,40.701403172577244,-73.98672670125961,39,4032,11.64,83.6,103.4
137,5391.06,Lispenard St & Broadway,40.71939226,-74.00247214,79,4029,11.28,87.5,51.0
138,5666.04,Meserole Ave & Manhattan Ave,40.72708584,-73.95299117,28,3996,9.58,89.0,142.7
139,5772.05,Morton St & Washington St,40.731135726910246,-74.00815155572697,56,3994,10.69,89.5,71.3
140,5869.04,Huron St & Franklin St,40.73266,-73.95826,35,3993,11.01,88.1,114.1
141,5669.10,St Marks Pl & 2 Ave,40.7284186,-73.98713956,73,3979,9.34,90.1,54.5
142,5553.10,E 2 St & Ave A,40.72307749068673,-73.98583620786667,68,3961,9.01,89.6,58.3
143,5450.04,N 12 St & Bedford Ave,40.72079821,-73.95484712,47,3953,10.51,87.6,84.1
144,5270.05,Pike St & E Broadway,40.71406667,-73.99293911,34,3951,10.03,93.9,116.2
145,4010.01,Plaza St East & Flatbush Ave,40.673134,-73.969106,63,3919,13.99,83.0,62.2
146,5204.05,S 4 St & Wythe Ave,40.71285887,-73.96590294,37,3914,11.16,83.1,105.8
147,5187.03,Hope St & Union Ave,40.71167351,-73.95141312,25,3885,9.49,86.9,155.4
148,5190.09,Clinton St & Cherry St,40.711471394469264,-73.98672603070736,49,3871,10.3,88.8,79.0
149,4010.13,Plaza St West & Flatbush Ave,40.6750207,-73.97111473,49,3865,9.83,87.0,78.9
150,5785.05,Greenpoint Ave & Manhattan Ave,40.73026,-73.95394,27,3859,12.11,87.6,142.9
151,5279.03,Centre St & Worth St,40.71494807,-74.00234482,120,3851,12.93,88.8,32.1
152,4895.03,Front St & Jay St,40.702461,-73.986842,24,3837,13.01,86.8,159.9
153,5137.11,Fulton St & William St,40.70960089363537,-74.00655090808868,43,3825,12.69,87.7,89.0
154,4620.02,Adelphi St & Myrtle Ave,40.69308257,-73.97178913,28,3815,9.83,88.3,136.3
155,5532.01,Mercer St & Spring St,40.72362738,-73.99949601,67,3796,12.39,87.4,56.7
156,4479.06,Bond St & Fulton St,40.6896218879,-73.9830426872,6,3793,11.89,88.0,632.2
157,5436.11,E Houston St & Columbia St,40.71978635452822,-73.97871628403664,51,3784,11.09,93.7,74.2
158,4461.04,DeKalb Ave & Vanderbilt Ave,40.68940747,-73.96885458,23,3759,9.77,86.8,163.4
159,5542.04,Driggs Ave & N Henry St,40.72325,-73.94308,57,3742,9.43,91.7,65.6
160,5616.08,E 12 St & Ave C,40.727243,-73.976831,41,3722,9.04,93.6,90.8
161,4225.14,Carroll St & Smith St,40.680611,-73.99475825,41,3721,10.22,89.0,90.8
162,5826.02,India St & Manhattan Ave,40.73232194,-73.9550858,50,3718,9.9,87.5,74.4
163,5422.04,Howard St & Lafayette St,40.71910537,-73.99973337,39,3715,12.09,88.1,95.3
164,5368.03,River Ter & Warren St,40.71759894980997,-74.01587963104248,69,3714,11.54,91.3,53.8
165,5500.02,Grand St & Greene St,40.72170005235607,-74.00238141417502,45,3710,11.68,88.4,82.4
165,3919.07,Eastern Pkwy & Franklin Ave (NE Corner),40.6707767,-73.9576801,42,3710,10.64,84.7,88.3
167,4513.06,DeKalb Ave & Hudson Ave,40.689888,-73.981013,74,3693,9.51,87.9,49.9
168,5779.09,E 13 St & Ave A,40.72966729392978,-73.98067966103554,90,3678,9.01,90.3,40.9
169,5365.02,Columbia St & Rivington St,40.71739973,-73.98016555,42,3662,9.62,94.0,87.2
170,5964.01,Bank St & Washington St,40.7361967,-74.00859207,31,3660,11.46,92.0,118.1
171,4683.02,Emerson Pl & Myrtle Ave,40.69363137,-73.96223558,63,3649,12.1,85.8,57.9
172,5195.06,S 4 St & Roebling St,40.710709,-73.959724,41,3647,12.5,82.1,89.0
173,4199.12,Carlton Ave & Dean St,40.6809741,-73.9710097,29,3631,10.58,87.1,125.2
174,4762.05,Flushing Ave & Vanderbilt Ave,40.697950315695444,-73.97077560424805,25,3623,12.1,84.9,144.9
175,4157.10,Bergen St & Vanderbilt Ave,40.6794388,-73.9680438,27,3557,11.19,87.2,131.7
176,3762.08,10 St & 7 Ave,40.6662078,-73.98199886,23,3530,8.59,89.3,153.5
177,5359.11,Leonard St & Church St,40.717571,-74.005549,54,3522,10.04,91.4,65.2
178,4479.10,Schermerhorn St & Hoyt St,40.6886263,-73.9851911,60,3510,10.28,89.7,58.5
179,4368.05,Monroe St & Bedford Ave,40.6851443,-73.95380904,23,3489,11.36,88.1,151.7
180,5797.01,MacDougal St & Washington Sq,40.73226398,-73.99852205,33,3483,10.38,89.1,105.5
181,5687.11,King St & Varick St,40.72789701409023,-74.00536268949507,36,3443,12.75,88.1,95.6
182,5602.06,Greene St & Prince St,40.72511734422387,-73.99930492043495,45,3437,12.25,87.5,76.4
183,5288.08,Park Pl & Church St,40.71334184275907,-74.00935515761375,54,3432,11.75,91.2,63.6
184,5411.08,Driggs Ave & N 9 St,40.71816969454208,-73.95520135760307,51,3424,9.93,87.4,67.1
185,4281.08,Bergen St & Flatbush Ave,40.680944723477296,-73.97567331790923,33,3417,11.1,86.1,103.5
186,5001.08,Little West St & 1 Pl,40.70569254,-74.01677685,35,3388,14.27,85.7,96.8
187,5997.10,W 12 St & Hudson St,40.73752993301071,-74.00558933615685,45,3362,9.86,90.1,74.7
188,5613.04,Kingsland Ave & Nassau Ave,40.72577,-73.94173,25,3311,9.22,91.4,132.4
189,4354.07,Atlantic Ave & Fort Greene Pl,40.68382604,-73.97632328,53,3310,12.48,84.4,62.5
190,5847.06,W 10 St & Washington St,40.73342399437081,-74.00851495563984,68,3296,11.61,87.3,48.5
191,5267.08,Grand St & Havemeyer St,40.71286844,-73.95698119,31,3289,11.47,84.3,106.1
192,5752.07,Milton St & Franklin St,40.72906,-73.95779,33,3288,11.2,82.8,99.6
193,4628.05,Willoughby St & Fleet St,40.69196566,-73.9813018,62,3287,9.55,90.2,53.0
194,5230.02,Rutgers St & Henry St,40.71332151208186,-73.99009689688683,40,3272,9.42,92.4,81.8
195,3865.05,3 St & Prospect Park West,40.668132,-73.97363831,31,3260,10.9,87.5,105.2
196,4345.11,Fulton St & Waverly Ave,40.683238654603414,-73.96599590778351,31,3258,11.12,85.8,105.1
197,5578.02,Watts St & Greenwich St,40.72405549,-74.00965965,54,3256,11.9,88.0,60.3
198,5068.02,Montrose Ave & Bushwick Ave,40.70767788,-73.94016171,42,3254,11.48,84.5,77.5
199,5114.08,South End Ave & Albany St,40.709957,-74.016538,45,3243,11.47,89.3,72.1
200,4217.02,Douglass St & 3 Ave,40.6802133,-73.98432695,35,3240,10.37,91.4,92.6
201,5262.09,Madison St & Montgomery St,40.713126,-73.984844,20,3218,9.95,93.6,160.9
202,4074.14,Classon Ave & St Marks Ave,40.676513,-73.959431,27,3203,10.44,87.7,118.6
203,5300.05,Metropolitan Ave & Meeker Ave,40.71413311,-73.95234386,30,3202,10.36,83.5,106.7
203,3987.06,5 Ave & 3 St,40.6728155,-73.98352355,30,3202,9.36,87.9,106.7
205,5065.14,Cliff St & Fulton St,40.70838,-74.00495,65,3199,11.68,91.2,49.2
206,4677.06,Montague St & Clinton St,40.6942715,-73.9923272,49,3179,10.89,89.7,64.9
207,4531.05,Henry St & Atlantic Ave,40.69089272,-73.99612349,23,3165,10.52,85.8,137.6
208,5593.02,E 2 St & 2 Ave,40.72502876,-73.99069656,84,3152,9.54,88.2,37.5
209,5065.12,William St & Pine St,40.70717936,-74.00887308,57,3142,12.52,89.2,55.1
209,4107.13,Dean St & Franklin Ave,40.67759206937376,-73.955637216568,21,3142,10.21,88.4,149.6
211,4724.03,Washington Ave & Park Ave,40.69610226,-73.96751037,55,3116,12.61,85.1,56.7
212,5108.01,Scholes St & Manhattan Ave,40.70870368,-73.9448625,36,3113,11.43,84.7,86.5
213,5178.06,Graham Ave & Grand St,40.711863,-73.944024,29,3112,10.59,88.4,107.3
214,5114.06,West Thames St,40.70834698,-74.01713445,73,3108,12.26,86.1,42.6
215,3722.04,Prospect Park West & 8 St,40.66514681533792,-73.97637605667114,25,3107,10.67,84.9,124.3
216,5033.01,Broadway & Morris St,40.705945132708806,-74.01321887969969,69,3104,14.42,85.1,45.0
217,4565.07,Schermerhorn St & Court St,40.6910363748993,-73.99201065301895,59,3083,10.31,92.3,52.3
218,5458.02,N 5 St & Northside Piers,40.719876,-73.963865,45,3079,10.46,85.1,68.4
219,4019.06,Carroll St & 6 Ave,40.6740886,-73.9787282,23,3074,9.35,91.3,133.7
219,3978.13,Garfield Pl & 8 Ave,40.6711978,-73.97484126,25,3074,9.43,90.6,123.0
221,4968.03,Bridge St & Water St,40.702969341552716,-73.98469090461731,47,3059,12.85,88.9,65.1
222,5922.08,Bank St & Hudson St,40.73652889,-74.00618026,27,3051,9.97,91.1,113.0
223,5569.06,W Broadway & Spring St,40.72494672359416,-74.00165855884552,99,3042,11.49,85.8,30.7
224,5752.09,Greenpoint Ave & West St,40.729803,-73.959099,35,3020,11.54,86.4,86.3
225,5335.03,Bialystoker Pl & Delancey St,40.71622644,-73.98261206,33,3011,10.96,93.8,91.2
226,4596.05,Duffield St & Willoughby St,40.69221589,-73.9842844,48,2995,12.66,90.7,62.4
227,5769.06,Ave C & E 16 St,40.72984830346529,-73.97455215454102,48,2991,9.85,90.5,62.3
228,3731.11,14 St & 7 Ave,40.663779,-73.98396846,24,2985,9.43,88.0,124.4
229,4993.02,Pearl St & Hanover Square,40.7047177,-74.00926027,68,2981,13.68,90.3,43.8
230,4847.03,Wyckoff Ave & Gates Ave,40.699871408829885,-73.91171872615814,36,2975,8.5,84.7,82.6
231,5569.07,W Broadway & Watts St,40.72323,-74.00314,51,2943,11.47,86.9,57.7
232,4101.17,President St & 4 Ave,40.676757,-73.983262,31,2928,10.27,93.1,94.5
232,5117.05,Stagg St & Union Ave,40.70877084,-73.95095259,33,2928,10.62,85.0,88.7
234,5128.04,Catherine St & Monroe St,40.71117444,-73.99682619,35,2921,11.13,92.5,83.5
235,5419.04,N 5 St & Wythe Ave,40.718389,-73.961501,39,2916,11.2,85.0,74.8
236,5267.09,Roebling St & N 4 St,40.71469,-73.95739,25,2912,10.75,86.8,116.5
236,5644.05,W Broadway & W Houston St,40.726378,-74.000472,50,2912,11.46,88.9,58.2
238,5414.07,Delancey St & Eldridge St,40.719383,-73.991479,31,2903,9.27,89.6,93.6
239,4748.07,Clinton St & Tillary St,40.696232971293156,-73.99142056703568,34,2902,11.09,91.2,85.4
240,5156.05,S 4 St & Rodney St,40.70934,-73.95608,21,2883,10.67,87.7,137.3
241,5581.01,Nassau Ave & Russell St,40.72557,-73.94434,51,2865,10.53,89.6,56.2
242,5259.06,Devoe St & Lorimer St,40.71335226222875,-73.9491033554077,19,2835,9.17,88.7,149.2
243,5442.05,Bayard St & Leonard St,40.71915571696044,-73.94885390996933,43,2817,10.08,90.0,65.5
244,5470.10,Greenwich St & Hubert St,40.721319,-74.010065,35,2806,11.55,94.9,80.2
245,4010.15,Grand Army Plaza & Plaza St West,40.6729679,-73.97087984,39,2804,12.39,85.7,71.9
246,5550.09,Leonard St & Nassau Ave,40.7239567849954,-73.94984364509583,36,2801,8.08,89.6,77.8
247,5125.03,S 5 Pl & S 5 St,40.710451,-73.960876,43,2791,16.29,79.4,64.9
248,5276.04,S 2 St & Kent Ave,40.714731,-73.966612,47,2778,12.46,85.3,59.1
249,4936.21,Main St & Plymouth St,40.703781673548306,-73.99073392152786,45,2766,16.33,79.2,61.5
249,5125.07,Broadway & Roebling St,40.70924826276157,-73.96063148975372,27,2766,10.28,85.9,102.4
251,3902.06,Eastern Pkwy & Kingston Ave,40.66959,-73.94237,30,2750,10.48,91.3,91.7
252,4494.04,Lafayette Ave & St James Pl,40.68851534,-73.9647628,39,2744,11.28,85.1,70.4
253,4821.03,Sands St & Jay St,40.700119,-73.9862,48,2739,13.77,85.6,57.1
254,5329.08,Murray St & West St,40.71503,-74.01246,61,2724,13.31,91.3,44.7
255,4322.06,Bergen St & 4 Ave,40.68256425759694,-73.9798977971077,34,2698,10.65,86.6,79.4
256,5666.11,Norman Ave & Leonard St,40.725819,-73.950815,31,2692,9.47,86.3,86.8
257,4804.02,Dock 72 Way & Market St,40.69985,-73.97141,22,2653,11.66,91.4,120.6
258,4214.03,Macon St & Nostrand Ave,40.6809833854,-73.9500479759,24,2641,9.67,86.6,110.0
259,5137.10,Spruce St & Nassau St,40.71146364,-74.00552427,34,2630,11.85,87.6,77.4
260,3928.08,Eastern Pkwy & Washington Ave,40.6716493,-73.9631145,31,2628,12.82,82.3,84.8
261,5096.12,Peck Slip & South St,40.7075188830923,-74.00108054280281,45,2625,13.73,82.2,58.3
262,4354.05,S Portland Ave & Hanson Pl,40.68539567,-73.97431458,27,2620,10.34,86.5,97.0
263,5721.07,Thompson St & Bleecker St,40.72840059450829,-73.99968780577183,61,2613,12.13,86.2,42.8
264,4428.02,Cumberland St & Lafayette Ave,40.68753406,-73.97265183,31,2604,10.45,88.8,84.0
265,4060.09,Carroll St & 5 Ave,40.6751622,-73.9814832,27,2590,9.8,90.8,95.9
266,4380.08,Henry St & Degraw St,40.6847514,-73.99917254,23,2574,9.08,90.2,111.9
267,4166.08,Prospect Pl & 6 Ave,40.6793307,-73.97519523,25,2572,10.26,89.2,102.9
268,5623.03,Nassau Ave & Newell St,40.724812564400175,-73.94752621650696,51,2569,9.72,88.6,50.4
269,5288.09,Warren St & W Broadway,40.71473993,-74.00910627,71,2566,10.91,89.2,36.1
270,4461.01,Clermont Ave & Lafayette Ave,40.68764484,-73.96968902,51,2565,11.0,87.3,50.3
271,5450.01,N 10 St & Berry St,40.720253,-73.957082,47,2554,10.4,84.8,54.3
272,4107.05,Franklin Ave & St Marks Ave,40.6758324,-73.9561677,29,2528,10.52,85.6,87.2
273,4116.09,Washington Ave & Park Pl,40.675832,-73.963308,33,2514,11.45,85.9,76.2
274,4266.03,Clinton St & Union St,40.6831164,-73.99785267,38,2512,10.03,88.5,66.1
275,4437.01,3 Ave & Schermerhorn St,40.68683208,-73.9796772,35,2494,10.42,89.0,71.3
276,4455.11,Kane St & Clinton St,40.6861758,-73.99645295,27,2491,9.31,90.0,92.3
277,5902.07,Eagle St & Manhattan Ave,40.735217,-73.954926,35,2482,8.81,89.2,70.9
278,4846.01,South St & Whitehall St,40.70122128,-74.01234218,55,2480,15.88,83.1,45.1
279,4614.04,Atlantic Ave & Furman St,40.69165183,-73.9999786,55,2477,11.85,83.3,45.0
280,5411.07,Union Ave & N 12 St,40.71924,-73.95242,39,2473,9.84,86.7,63.4
281,4434.06,Monroe St & Tompkins Ave,40.686203,-73.944694,19,2469,11.26,83.3,129.9
282,5359.13,Church St & Worth St,40.71688538495366,-74.00650128722191,45,2465,11.56,91.8,54.8
283,5676.04,Calyer St & West St,40.72693,-73.95863,35,2462,10.08,87.1,70.3
284,4510.04,Greene Ave & Throop Ave,40.6894932,-73.942061,19,2456,11.74,84.4,129.3
285,4175.15,Union St & 4 Ave,40.6772744,-73.98282002,28,2432,11.04,91.5,86.9
286,4175.14,Douglass St & 4 Ave,40.6792788,-73.98154004,51,2426,11.18,89.9,47.6
287,4553.04,Kosciuszko St & Tompkins Ave,40.69128258,-73.9452416,18,2425,11.9,83.3,134.7
288,4993.13,Old Slip & South St,40.70336686695866,-74.007867872715,93,2407,15.08,91.4,25.9
289,4001.09,St Johns Pl & Washington Ave,40.6737236,-73.9631611,30,2402,11.42,86.3,80.1
289,4546.06,DeKalb Ave & S Portland Ave,40.68967018552252,-73.97527355121376,23,2402,10.57,86.6,104.4
289,4371.01,Warren St & Smith St,40.685424009970184,-73.99127773940563,33,2402,9.47,89.6,72.8
292,4231.04,Underhill Ave & Pacific St,40.6804836,-73.9646795,27,2397,11.2,84.6,88.8
293,5159.07,South St & Pike St,40.70991806921533,-73.99161100387573,35,2395,10.85,84.2,68.4
293,5829.12,E 11 St & Broadway,40.73261787,-73.99158043,99,2395,10.03,90.1,24.2
295,3771.06,14 St & 5 Ave,40.666287,-73.98895053,21,2393,10.28,91.3,114.0
296,5159.04,Pike St & Monroe St,40.71173107,-73.99193043,27,2386,10.36,91.4,88.4
297,4931.05,Wyckoff Ave & Stanhope St,40.703545,-73.917775,22,2384,9.64,85.1,108.4
298,4263.12,Fulton St & Irving Pl,40.68186,-73.959432,31,2365,11.86,84.3,76.3
299,4386.05,Fulton St & Clermont Ave,40.68415748,-73.96922273,75,2358,10.43,85.3,31.4
300,5481.04,Driggs Ave & Lorimer St,40.72179134,-73.9504154,27,2353,8.72,87.2,87.1
301,5190.07,Madison St & Clinton St,40.71269042,-73.98776323,39,2350,10.05,93.5,60.3
302,4452.03,Lexington Ave & Classon Ave,40.68676793,-73.95928168,19,2347,11.81,85.9,123.5
302,4339.01,Butler St & Court St,40.6849894,-73.99440329,35,2347,12.67,87.9,67.1
304,5198.04,Market St & Cherry St,40.71076228,-73.99400398,45,2346,10.78,91.0,52.1
305,5181.04,Cherry St,40.71219906,-73.97948148,36,2338,12.01,94.1,64.9
306,4437.09,Nevins St & Schermerhorn St,40.68737247650719,-73.98176059126854,28,2331,10.69,89.2,83.3
307,5359.10,Hudson St & Reade St,40.71625008,-74.0091059,55,2327,10.75,90.1,42.3
308,4157.15,Prospect Pl & Vanderbilt Ave,40.67767534,-73.96902144,27,2315,11.37,87.2,85.7
309,5794.05,India St Pier,40.731734785883454,-73.9612390102593,54,2305,9.21,87.7,42.7
310,4217.06,Degraw St & 3 Ave,40.67977,-73.9847,35,2285,10.4,91.9,65.3
311,4042.08,Underhill Ave & Lincoln Pl,40.6740123,-73.9671457,27,2283,10.31,90.4,84.6
312,5430.08,Franklin St & W Broadway,40.71911552,-74.00666661,33,2282,10.68,89.0,69.2
313,5148.03,Leonard St & Maujer St,40.7103685423523,-73.94705951213837,24,2275,10.35,87.1,94.8
314,4528.01,DeKalb Ave & Franklin Ave,40.69064807082943,-73.95746178925037,0,2270,12.1,83.0,
315,4812.04,Sands St Gate,40.699569,-73.979827,19,2259,10.66,91.0,118.9
316,4953.04,South St & Gouverneur Ln,40.70355377,-74.00670227,43,2252,15.39,81.3,52.4
317,5400.05,Harrison St & Hudson St,40.71870987,-74.0090009,39,2211,11.0,89.1,56.7
317,3946.07,1 St & 6 Ave,40.672784,-73.979826,35,2211,8.99,91.5,63.2
319,4066.15,Bedford Ave & Bergen St,40.676368,-73.952918,24,2209,10.85,85.6,92.0
320,3448.02,Parkside Ave & Ocean Ave,40.65485,-73.96217,31,2202,15.03,75.9,71.0
321,4222.02,Lefferts Pl & Franklin Ave,40.680342423,-73.9557689392,25,2200,9.05,88.4,88.0
322,5558.04,Wythe Ave & N 13 St,40.722767,-73.957021,43,2191,10.32,85.1,51.0
322,4419.03,Washington Ave & Greene Ave,40.68650065,-73.96563307,19,2191,10.82,84.9,115.3
324,4319.07,Halsey St & Tompkins Ave,40.6823687,-73.944118,21,2184,12.14,82.4,104.0
325,4446.03,Pacific St & Smith St,40.687880939612775,-73.98939281702042,47,2162,11.34,89.4,46.0
326,4522.07,State St & Smith St,40.68917,-73.9886,66,2161,12.0,86.3,32.7
327,4190.06,Grand Ave & Bergen St,40.678045,-73.962408,25,2150,9.8,87.7,86.0
327,3628.11,6 Ave & 21 St,40.66016,-73.990974,27,2150,9.88,88.7,79.6
329,5359.12,Duane St & Hudson St,40.71703,-74.00925,44,2144,12.02,86.5,48.7
330,3914.02,7 St & 5 Ave,40.6704922,-73.98541675,27,2139,10.21,88.9,79.2
331,4392.04,Putnam Ave & Throop Ave,40.6851532,-73.94111,21,2134,11.49,82.4,101.6
332,4193.14,1 Pl & Clinton St,40.6809591,-73.99905709,34,2133,11.75,89.2,62.7
333,4258.07,Degraw St & Hoyt St,40.681990442707026,-73.99079024791718,27,2132,9.86,90.4,79.0
334,3834.10,6 St & 7 Ave,40.6686627,-73.97988067,21,2128,10.29,90.5,101.3
335,4546.05,Washington Park,40.6917823,-73.9737299,24,2125,9.9,89.7,88.5
336,4077.04,Smith St & 9 St,40.6746957,-73.99785768,23,2122,10.3,83.7,92.3
337,3993.03,Sterling Pl & Bedford Ave,40.672695,-73.954131,25,2100,11.2,86.8,84.0
338,4077.07,Court St & Nelson St,40.67595768953126,-73.99894942833194,33,2098,11.43,84.9,63.6
339,4116.08,Prospect Pl & Underhill Ave,40.6769694,-73.96579,23,2084,10.14,88.1,90.6
340,4729.01,Myrtle Ave & Lewis Ave,40.69681963,-73.93756926,23,2055,9.73,84.3,89.3
341,3579.04,Windsor Pl & Howard Pl,40.659490558938955,-73.98013919591904,24,2049,9.2,87.4,85.4
342,4628.07,Myrtle Ave & Fleet Pl,40.693534,-73.981909,47,2047,10.96,86.7,43.6
343,3344.02,Park Circle & East Dr,40.651566,-73.972212,29,2032,13.58,85.1,70.1
344,4134.06,Berkeley Pl & 6 Ave,40.6765304,-73.97846879,41,2028,10.49,89.6,49.5
345,5235.10,Driggs Ave & S 2 St,40.712628,-73.960575,30,2025,11.84,84.0,67.5
346,5326.06,Stanton St & Mangin St,40.71782143,-73.97628939,19,2017,10.76,90.5,106.2
347,4962.01,Broadway & Battery Pl,40.70463334,-74.01361706,52,2016,16.52,81.4,38.8
347,3633.08,Lincoln Rd & Ocean Ave,40.6605,-73.9626,23,2016,13.52,77.0,87.7
349,5430.10,6 Ave & Walker St,40.7197920901383,-74.0052238852195,39,2006,10.67,87.5,51.4
350,4665.02,Willoughby Ave & Tompkins Ave,40.69425403,-73.94626915,19,2005,12.49,80.6,105.5
351,5509.02,Washington St & Laight St,40.72231,-74.0106,63,2003,12.34,87.7,31.8
352,3879.04,Union St & Bedford Ave,40.6691783,-73.9554162,24,1999,12.92,87.0,83.3
353,5403.04,Graham Ave & Withers St,40.7169811,-73.94485918,18,1979,10.02,89.2,109.9
354,4519.02,Greene Ave & Nostrand Ave,40.6883337,-73.950916,23,1973,10.81,83.5,85.8
355,4151.01,Smith St & 3 St,40.6787242,-73.99599099,25,1965,9.78,89.1,78.6
356,4377.04,Cambridge Pl & Gates Ave,40.68488,-73.96304,18,1957,10.41,89.7,108.7
357,4362.04,Pacific St & Nevins St,40.6853761,-73.98302136,18,1948,10.62,89.7,108.2
358,4668.08,Johnson St & Gold St,40.69474881,-73.98362464,41,1936,12.62,90.2,47.2
359,4455.10,Congress St & Clinton St,40.68825516598005,-73.99545192718506,44,1926,8.98,88.3,43.8
360,4208.01,Sterling Pl & 5 Ave,40.678970070475735,-73.97855266928671,27,1922,11.44,88.2,71.2
361,4519.04,Kosciuszko St & Nostrand Ave,40.69072549,-73.95133465,23,1921,11.0,83.4,83.5
362,3803.05,6 Ave & 12 St,40.6663181,-73.9854617,29,1911,9.86,89.0,65.9
363,5506.10,Ave D & E 8 St,40.72368361,-73.97574813,30,1893,9.29,91.9,63.1
364,4140.03,Pacific St & Nostrand Ave,40.6776,-73.94963,22,1875,11.31,86.0,85.2
365,5250.05,Bushwick Ave & Powers St,40.71247661,-73.94100005,32,1868,11.18,85.7,58.4
366,4028.04,4 Ave & 3 St,40.673746,-73.985649,39,1839,9.88,91.5,47.2
366,3960.01,Lincoln Pl & Classon Ave,40.6721683,-73.9609,28,1839,10.82,88.2,65.7
368,5024.10,Water St & Fletcher St,40.706410755236135,-74.00559738278389,79,1838,14.61,83.8,23.3
369,4883.03,Broadway & Whipple St,40.7016657,-73.9437303,27,1834,10.65,87.7,67.9
370,5145.02,Albany St & Greenwich St,40.709267,-74.013247,46,1820,15.12,78.4,39.6
370,4307.13,President St & Henry St,40.6828003,-73.99990419,25,1820,10.04,86.6,72.8
372,4864.09,Wilson Ave & Troutman St,40.70166,-73.92754,26,1814,11.86,79.1,69.8
373,4348.07,Carroll St & Columbia St,40.6830456,-74.00348559,39,1794,11.9,88.0,46.0
374,4028.03,3 St & 3 Ave,40.6750705,-73.98775226,79,1788,10.0,88.9,22.6
375,5847.08,Washington St & Barrow St,40.73191132323174,-74.008769094944,57,1785,10.09,90.8,31.3
376,4927.04,Front St & Gold St,40.70224,-73.982578,37,1772,12.38,89.3,47.9
377,5167.06,St James Pl & Pearl St,40.71117416,-74.00016545,27,1769,11.32,90.4,65.5
378,5406.04,Pitt St & Stanton St,40.71926081,-73.98178024,15,1767,8.9,91.4,117.8
379,4732.08,Carlton Ave & Flushing Ave,40.697787,-73.973736,46,1760,11.77,86.9,38.3
380,4255.05,Hancock St & Bedford Ave,40.68216564,-73.95399026,27,1758,12.56,85.6,65.1
381,4821.06,Cadman Plaza E & Red Cross Pl,40.69991755,-73.98971773,39,1754,12.27,81.5,45.0
382,4692.01,Clermont Ave & Park Ave,40.69573398,-73.97129668,19,1749,11.66,90.9,92.1
383,5021.05,Kent Ave & Division Ave,40.706563674670925,-73.9683187007904,44,1745,13.02,82.2,39.7
384,4759.02,Willoughby Ave & Myrtle Ave,40.69757,-73.93098,19,1739,10.88,78.6,91.5
385,4025.02,Prospect Pl & Nostrand Ave,40.67428,-73.9503,22,1737,12.64,81.4,79.0
386,5065.10,Maiden Ln & Pearl St,40.70706456,-74.00731853,29,1719,12.7,89.3,59.3
387,6019.04,Ash St & Manhattan Ave,40.738095,-73.954867,31,1717,12.71,88.9,55.4
388,5520.09,N 15 St & Wythe Ave,40.724055,-73.955736,54,1714,10.04,86.5,31.7
389,5247.10,Reade St & Broadway,40.71450451,-74.00562789,62,1707,12.66,86.7,27.5
390,4645.04,Henry St & Remsen St,40.69400964865994,-73.99465128779411,23,1705,10.27,89.1,74.1
391,4413.08,Warren St & Court St,40.686371,-73.99383324,31,1696,11.43,88.5,54.7
392,5977.01,McGuinness Blvd & Eagle St,40.73555,-73.95284,42,1682,9.72,87.4,40.0
393,4098.06,New York Ave & St Marks Ave,40.67514,-73.94716,23,1673,10.89,82.7,72.7
394,4425.02,Lewis Ave & Madison St,40.686312,-73.935775,23,1664,10.11,85.9,72.3
395,4962.08,Broad St & Bridge St,40.70365182,-74.01167797,49,1662,14.59,85.0,33.9
396,4689.03,Suydam St & Broadway,40.69544,-73.93223,32,1657,12.3,79.4,51.8
397,5045.05,Division Ave & Hooper St,40.70684203101325,-73.9544353965357,61,1651,11.67,83.3,27.1
398,4677.01,Cadman Plaza E & Tillary St,40.69597683,-73.99014892,52,1649,11.71,86.7,31.7
399,5010.02,Willoughby Ave & Wyckoff Ave,40.705614,-73.92153,23,1644,10.32,83.1,71.5
400,4119.04,Clinton St & 4 Place,40.6783563,-74.00014502,25,1643,11.36,86.8,65.7
401,5065.04,John St & William St,40.70862144,-74.00722156,63,1639,12.99,92.9,26.0
402,4824.03,Stockholm St & Wilson Ave,40.699304,-73.923044,23,1634,12.42,81.4,71.0
403,4732.04,Carlton Ave & Park Ave,40.69580705,-73.97355569,23,1631,10.35,87.7,70.9
404,3593.1,Flatbush Ave & Lincoln Rd,40.66131,-73.96091,23,1620,9.82,86.7,70.4
405,5059.02,McKibbin St & Bogart St,40.706237,-73.933871,30,1612,10.78,83.0,53.7
406,4781.03,Concord St & Bridge St,40.69766564,-73.98476437,19,1607,12.55,87.6,84.6
407,3996.01,7 St & 3 Ave,40.67260298150126,-73.98983001708984,24,1606,11.26,89.4,66.9
408,3699.07,17 St & 5 Ave,40.663493,-73.991007,25,1598,10.12,88.7,63.9
409,3874.01,5 St & 6 Ave,40.6704836,-73.98208968,23,1597,9.05,91.4,69.4
410,4718.08,Pierrepont St & Monroe Pl,40.69535693320225,-73.99344027042389,24,1595,10.32,89.3,66.5
411,3842.08,10 St & 5 Ave,40.6686273,-73.98700053,24,1589,10.36,88.7,66.2
412,4422.04,Columbia St & Degraw St,40.6859296,-74.00242364,21,1588,12.1,87.8,75.6
413,4996.08,McKibbin St & Manhattan Ave,40.70510918,-73.94407279,23,1582,11.2,85.8,68.8
414,5051.01,Wyckoff Ave & Jefferson St,40.707165,-73.923711,27,1560,11.16,77.9,57.8
415,4861.05,Henry St & Middagh St,40.7003,-73.991581,34,1553,11.69,86.1,45.7
416,5219.05,Manhattan Ave & Devoe St,40.713532,-73.9459867,24,1551,10.66,88.7,64.6
417,4781.05,Nassau St & Duffield St,40.698477,-73.98384,53,1542,10.93,89.9,29.1
418,5633.04,Banker St & Meserole Ave,40.72606,-73.95621,31,1537,10.84,88.0,49.6
419,3704.04,Flatbush Ave & Ocean Ave,40.663657,-73.963014,41,1532,13.29,77.5,37.4
419,4993.15,Water St & Gouverneur Ln,40.70469667894968,-74.00803416967392,37,1532,12.62,88.1,41.4
421,4446.05,Dean St & Hoyt St,40.6864442,-73.98759104,77,1527,11.7,87.7,19.8
422,5076.04,Scholes St & Lorimer St,40.708323,-73.948732,27,1516,9.96,86.1,56.1
423,4476.03,Marcy Ave & Lafayette Ave,40.6900815,-73.947915,23,1505,13.56,82.3,65.4
424,4634.02,Willoughby Ave & Walworth St,40.69331716,-73.95381995,19,1504,12.68,87.6,79.2
425,4707.03,Myrtle Ave & Marcy Ave,40.69539817,-73.94954908,23,1500,11.82,82.1,65.2
426,3538.09,11 Ave & Prospect Ave,40.65629,-73.977335,20,1498,10.04,90.0,74.9
427,4792.03,Central Ave & Starr St,40.700003,-73.92834,23,1493,11.65,84.5,64.9
428,5433.03,Richardson St & N Henry St,40.71907891179564,-73.94223690032959,25,1491,7.99,85.6,59.6
429,4656.03,Pulaski St & Marcus Garvey Blvd,40.6933982,-73.939877,19,1485,11.69,80.8,78.2
430,5004.02,Boerum St & Broadway,40.70538077,-73.94976519,19,1483,11.08,85.2,78.1
431,4148.07,Pacific St & Classon Ave,40.6791944,-73.9587903,21,1478,10.52,86.3,70.4
432,4327.09,Putnam Ave & Nostrand Ave,40.68402,-73.94977,19,1477,11.74,84.2,77.7
433,5442.09,Manhattan Ave & Leonard St,40.72084,-73.94844,18,1471,8.32,91.2,81.7
434,4526.01,Grove St & Broadway,40.69047,-73.923511,31,1469,11.82,79.9,47.4
435,4659.02,Myrtle Ave & St Edwards St,40.69327018,-73.97703874,56,1468,10.57,87.3,26.2
435,5503.01,Morgan Ave & Lombardy St,40.72226,-73.93889,30,1468,8.78,89.5,48.9
437,5099.02,Waterbury St & Stagg St,40.71019,-73.93734,23,1463,13.0,86.1,63.6
438,4840.06,Beaver St & Fayette St,40.70099,-73.93921,30,1461,13.19,83.4,48.7
439,4710.06,Jay St & Tech Pl,40.695065,-73.987167,52,1459,14.58,85.5,28.1
440,5216.06,Vesey St & Church St,40.71221958009051,-74.01047229766846,78,1448,11.88,88.6,18.6
441,4095.03,Van Brunt St & Wolcott St,40.6773429,-74.01275056,36,1443,13.45,88.4,40.1
442,3984.02,Sterling Pl & New York Ave,40.67234,-73.94763,25,1441,12.18,79.8,57.6
443,5300.06,Union Ave & Jackson St,40.7160751,-73.952029,19,1440,10.32,84.4,75.8
444,4497.09,Congress St & Hicks St,40.6893952,-73.9995126,35,1437,10.05,90.9,41.1
445,4513.09,Ashland Pl & Dekalb Ave,40.690065,-73.978776,47,1416,11.23,89.0,30.1
446,4812.02,Nassau St & Navy St,40.69839895,-73.98068914,58,1410,11.52,84.2,24.3
447,4543.07,Lewis Ave & Greene Ave,40.68995,-73.9365,23,1408,11.32,81.2,61.2
448,4843.01,5 St & Market St,40.699997484388504,-73.97440128028393,39,1396,12.54,87.2,35.8
449,5489.06,N 9 St & Wythe Ave,40.72054,-73.959,49,1390,12.24,77.6,28.4
450,5575.13,Ave D & E 10 St,40.72506551015475,-73.97515833377838,30,1373,9.97,91.2,45.8
451,4246.02,MacDonough St & Marcy Ave,40.68078,-73.94613,22,1371,11.42,85.0,62.3
452,5473.03,Engert Ave & McGuinness Blvd,40.72158,-73.94546,19,1366,9.19,91.1,71.9
453,4829.01,Columbia Heights & Cranberry St,40.70037867,-73.99548059,37,1342,12.82,81.5,36.3
454,4278.03,Marcus Garvey Blvd & Macon St,40.682601,-73.938037,19,1303,12.9,81.9,68.6
455,4939.07,Suydam St & Knickerbocker Ave,40.702013,-73.923769,27,1287,13.46,80.8,47.7
456,4336.01,Monroe St & Classon Ave,40.6845683,-73.95881081,19,1285,11.12,84.8,67.6
456,4290.06,Wyckoff St & 3 Ave,40.6827549,-73.98258555,22,1285,10.48,86.7,58.4
456,5403.05,Graham Ave & Herbert St,40.71929301,-73.94500379,26,1285,9.18,91.2,49.4
459,4196.05,Chauncey St & Stuyvesant Ave,40.68012,-73.93168,25,1279,8.83,88.9,51.2
460,5489.04,N 11 St & Kent Ave,40.72248188638219,-73.95921930670738,27,1277,11.82,84.6,47.3
461,4768.02,Park Ave & Marcus Garvey Blvd,40.698617,-73.941342,23,1264,12.28,85.6,55.0
462,4228.02,Fulton St & Utica Ave,40.6794268,-73.9298911,19,1253,9.32,81.5,65.9
462,4404.10,Bond St & Bergen St,40.6849668,-73.98620772,27,1253,10.19,90.2,46.4
464,3657.06,Sterling St & Nostrand Ave,40.66318,-73.95076,23,1245,10.2,79.3,54.1
465,3871.02,Eastern Pkwy & Brooklyn Ave,40.66939,-73.94514,21,1243,10.75,91.2,59.2
465,3952.07,Lincoln Pl & Nostrand Ave,40.67077,-73.9507,25,1243,11.59,83.3,49.7
467,4903.09,Dock St & Front St,40.702709,-73.99253,29,1242,14.9,77.3,42.8
468,4617.01,Lewis Ave & Kosciuszko St,40.69237074,-73.93705428,24,1241,12.07,82.8,51.7
469,5743.02,Calyer St & Jewel St,40.72984,-73.94839,40,1240,11.39,91.0,31.0
470,3911.05,Eastern Pkwy & Nostrand Ave,40.66967,-73.9503,27,1238,10.64,82.6,45.9
471,5323.06,Sharon St & Olive St,40.715341620424475,-73.93865078687668,24,1231,10.13,86.4,51.3
471,4143.04,3 Ave & Carroll St,40.677027,-73.9865,27,1231,11.14,90.3,45.6
473,3611.02,Prospect Park SW & 10 Ave,40.659945,-73.977504,30,1229,10.58,83.2,41.0
474,5371.07,Frost St & Meeker Ave,40.71766197083994,-73.94880026578903,38,1227,10.17,88.2,32.3
475,4057.04,Brooklyn Ave & Prospect Pl,40.67412,-73.94447,25,1222,12.05,82.7,48.9
476,3922.02,10 St & 2 Ave,40.671907,-73.993612,19,1220,10.96,91.0,64.2
477,3498.09,Prospect Park SW & 16 St,40.657265,-73.974165,33,1219,11.0,88.4,36.9
478,4873.08,Evergreen Ave & Noll St,40.70106,-73.93318,25,1207,14.23,79.7,48.3
479,5656.03,N Henry St & Norman Ave,40.7277,-73.94395,23,1195,9.94,89.2,52.0
480,4914.03,Bushwick Ave & Forrest St,40.70076,-73.93641,20,1192,10.92,87.2,59.6
481,4889.06,Bus Slip & State St,40.701907,-74.013942,69,1191,17.48,69.6,17.3
481,5036.06,Leonard St & Boerum St,40.70583339,-73.94644578,24,1191,11.88,87.1,49.6
483,4850.04,Tompkins Ave & Hopkins St,40.69957608,-73.94708417,19,1186,12.51,88.7,62.4
484,3457.03,Prospect Park SW & Vanderbilt St,40.65482,-73.973217,37,1185,11.28,89.2,32.0
485,4821.10,Adams St & Prospect St,40.700763083261506,-73.98869812488556,59,1177,11.92,84.7,19.9
486,5051.02,Irving Ave & Jefferson St,40.70538,-73.92535,19,1174,12.63,83.1,61.8
487,4903.08,Old Fulton St,40.70277159,-73.99383605,39,1161,16.97,68.1,29.8
488,5539.06,Laight St & Hudson St,40.72185379,-74.00771779,87,1151,12.77,86.1,13.2
488,5575.08,Ave D & E 12 St,40.72580614,-73.97422494,41,1151,10.71,91.1,28.1
490,4895.15,Pearl St & York St,40.70140463410644,-73.98768022656441,54,1147,12.46,80.1,21.2
491,3831.03,Kingston Ave & Carroll St,40.66688,-73.9425,20,1144,8.8,92.5,57.2
492,3660.07,7 Ave & 17 St,40.660937794931684,-73.98680448532104,21,1134,9.75,86.3,54.0
493,5473.06,Monitor St & Meeker Ave,40.721226,-73.941845,21,1128,8.94,89.1,53.7
494,4131.03,Brooklyn Ave & Dean St,40.67669,-73.94437,19,1126,14.57,84.5,59.3
494,5282.02,Devoe St & Morgan Ave,40.713811,-73.93515,19,1126,11.28,84.2,59.3
496,5210.01,Powers St & Olive St,40.71323,-73.93894,19,1125,11.37,87.9,59.2
496,4600.09,Bushwick Ave & Linden St,40.69146,-73.92146,29,1125,14.01,77.9,38.8
498,4089.01,Bergen St & Kingston Ave,40.6756,-73.9415,22,1119,13.87,84.9,50.9
499,4853.06,Bridge St & York St,40.70133448066992,-73.98471236228943,54,1110,11.55,86.8,20.6
499,4640.01,Bushwick Ave & Harman St,40.69356,-73.92524,25,1110,13.33,80.6,44.4
501,4654.01,Norman St & Wyckoff Ave,40.69517,-73.90311,15,1099,7.97,85.4,73.3
502,4016.03,Kingston Ave & Park Pl,40.67308,-73.94191,21,1093,12.12,83.8,52.0
503,4818.03,Union Ave & Wallabout St,40.70029511,-73.95032283,31,1084,13.63,84.1,35.0
504,3620.02,Windsor Pl & 8 Ave,40.660906,-73.983074,20,1076,9.69,85.1,53.8
504,4608.01,Broadway & Kosciuszko St,40.69329,-73.92852,29,1076,12.14,78.9,37.1
506,3919.12,Eastern Pkwy & Franklin Ave (SW Corner),40.670529,-73.958222,30,1074,11.27,83.1,35.8
507,5093.01,Bedford Ave & S 9 St,40.70853074,-73.96408963,23,1070,13.68,86.4,46.5
508,4715.01,Franklin Ave & Myrtle Ave,40.694546087246025,-73.95801365375519,27,1067,13.48,84.7,39.5
509,4713.01,Central Ave & Himrod St,40.69676,-73.92302,25,1042,12.33,75.1,41.7
510,3420.01,36 St & 4 Ave,40.654144,-74.00422,30,1040,9.91,83.9,34.7
511,3625.07,Rogers Ave & Lincoln Rd,40.66127,-73.95352,23,1037,10.29,86.8,45.1
512,3839.02,President St & Nostrand Ave,40.66811,-73.9505,28,1031,11.55,81.4,36.8
513,5074.08,Woodward Ave & Harman St,40.70793,-73.91092,19,1022,9.21,82.3,53.8
514,3192.05,7 Ave & 41 St,40.647379,-74.000911,25,1020,12.41,86.9,40.8
515,4450.06,Putnam Ave & Ralph Ave,40.68705,-73.92338,20,1018,12.52,75.6,50.9
516,4784.02,Greene Ave & Myrtle Ave,40.698568,-73.918877,30,1016,12.38,80.3,33.9
517,3668.04,21 St & 4 Ave,40.662584,-73.995554,21,1014,11.23,88.7,48.3
518,4648.03,Malcolm X Blvd & DeKalb Ave,40.6938,-73.93114,20,1013,14.09,78.9,50.7
519,3882.01,12 St & 4 Ave,40.668603,-73.9904394,25,1012,11.12,86.1,40.5
520,3887.03,Carroll St & Washington Ave,40.6686744,-73.9618148,27,1011,10.54,89.1,37.4
521,3791.02,Albany Ave & Carroll St,40.6667,-73.93972,19,1007,10.89,89.4,53.0
522,4383.06,Hancock St & Stuyvesant Ave,40.68454,-73.9322,19,1004,9.68,85.1,52.8
523,4700.06,Park Ave & St Edwards St,40.69608941,-73.97803415,53,999,11.45,86.3,18.8
524,4707.04,Nostrand Ave & Myrtle Ave,40.69527008,-73.95238108,23,990,16.05,83.3,43.0
525,4987.06,White St & Moore St,40.704508,-73.9351,21,989,11.79,87.9,47.1
526,4979.07,Knickerbocker Ave & George St,40.704425,-73.92836,23,986,13.13,87.3,42.9
527,4587.02,Willoughby St & Ashland Pl,40.69178,-73.97877,31,978,9.94,87.9,31.5
528,3593.01,Maple St & Flatbush Ave,40.66026,-73.96045,24,975,11.24,83.2,40.6
529,3439.03,Bedford Ave & Clarkson Ave,40.65519,-73.9564,19,968,13.01,84.9,50.9
530,4697.01,Throop Ave & Myrtle Ave,40.69622937,-73.94371094,21,962,13.17,81.1,45.8
530,4310.06,Macon St & Lewis Ave,40.68282,-73.93488,20,962,12.96,81.9,48.1
532,3704.01,Washington Ave & Empire Blvd,40.66314,-73.9605695,27,959,9.79,89.1,35.5
533,4483.10,Broadway & Madison St,40.68822,-73.91966,25,956,12.07,82.5,38.2
534,4467.03,Monroe St & Marcus Garvey Blvd,40.686722,-73.938988,20,953,11.78,82.4,47.7
535,3368.04,Caton Ave & Bedford Ave,40.65237,-73.95623,22,951,13.71,80.1,43.2
536,3943.03,St Johns Pl & Kingston Ave,40.67113,-73.94222,22,947,10.11,86.8,43.0
537,4560.01,Madison St & Evergreen Ave,40.69122,-73.91693,18,935,10.06,82.9,51.9
538,4632.10,Central Ave & Woodbine St,40.69296,-73.91605,18,920,10.31,77.9,51.1
539,3588.01,7 Ave & 20 St,40.659053,-73.98854,20,915,8.63,89.7,45.8
540,4751.01,Cedar St & Myrtle Ave,40.697842,-73.926241,27,914,13.1,73.5,33.9
541,3507.04,Prospect Park W & 20 St,40.656633,-73.983864,25,905,10.0,90.8,36.2
541,5170.01,Stagg St & Morgan Ave,40.710681,-73.93372,23,905,13.08,82.4,39.3
543,5025.02,Madison St & Forest Ave,40.70555,-73.90245,25,903,13.12,83.3,36.1
544,5066.03,Fairview Ave & Linden St,40.70694,-73.90632,19,888,10.13,81.5,46.7
545,3480.04,Parkside Ave & Flatbush Ave,40.65563,-73.95968,25,881,12.45,82.6,35.2
546,4205.06,Kingston Ave & Herkimer St,40.67890679,-73.94142771,24,880,11.71,82.2,36.7
547,3862.07,Eastern Pkwy & Troy Ave,40.66929,-73.93679,24,877,9.28,88.4,36.5
548,3776.05,Montgomery St & Franklin Ave,40.666439306870814,-73.9605563879013,19,871,11.39,85.0,45.8
549,4906.07,George St & Wilson Ave,40.702997,-73.92997,19,869,11.08,86.1,45.7
550,4169.04,Pioneer St & Van Brunt St,40.679043,-74.011169,39,868,14.4,86.5,22.3
551,5115.01,Onderdonk Ave & Dekalb Ave,40.70863,-73.91497,17,858,10.51,85.5,50.5
552,4517.03,Jefferson Ave & Evergreen Ave,40.68989,-73.91458,17,856,10.13,84.2,50.4
553,5332.10,Jackson St & Leonard St,40.71638031973561,-73.94821286201477,22,853,10.21,91.3,38.8
554,4856.05,Irving Ave & Harman St,40.70108,-73.9179,21,852,11.15,78.2,40.6
554,4110.10,3 St & Hoyt St,40.6777287,-73.99364123,53,852,10.07,87.9,16.1
556,4832.07,Central Ave & Melrose St,40.70112,-73.93039,17,848,12.05,81.8,49.9
556,4680.05,Bushwick Ave & Dekalb Ave,40.69502,-73.92825,29,848,15.44,78.9,29.2
558,3240.15,Fort Hamilton Pkwy & E 5 St,40.649037,-73.97673,23,845,11.02,91.1,36.7
559,4500.07,Lexington Ave & Stuyvesant Ave,40.68973,-73.93353,20,842,13.31,71.5,42.1
560,3460.02,36 St & 3 Ave,40.655716,-74.006664,30,841,14.47,88.2,28.0
561,3893.03,Eastern Pkwy & Schenectady Ave,40.66876,-73.93376,24,839,11.32,83.2,35.0
562,5018.06,Knickerbocker Ave & Thames St,40.70539,-73.92976,20,838,13.64,81.6,41.9
562,4342.04,Hancock St & Malcolm X Blvd,40.68487,-73.9293,19,838,11.44,75.1,44.1
564,3376.02,Parade Pl & Crooke Ave,40.651847,-73.965248,30,835,12.43,76.6,27.8
565,4898.02,Irving Ave & DeKalb Ave,40.7027,-73.92095,27,834,12.78,79.5,30.9
566,4971.01,Hart St & Wyckoff Ave,40.704876,-73.919911,24,832,10.89,84.5,34.7
567,3850.03,3 Ave & 14 St,40.6685455,-73.99333264,25,830,12.49,88.6,33.2
568,3385.06,Prospect Park SW & Greenwood Ave,40.652563,-73.972573,30,828,12.99,81.9,27.6
569,4663.02,Knickerbocker Ave & Hancock St,40.69385,-73.90974,22,824,10.38,79.5,37.5
570,4807.02,Madison St & Cypress Ave,40.70068,-73.90742,17,821,11.79,87.5,48.3
571,3759.07,Kingston Ave & Montgomery St,40.66481,-73.94269,19,815,8.62,91.2,42.9
572,5983.04,43 St & 50 Ave,40.73787237950538,-73.92264068126678,19,814,12.83,84.9,42.8
572,4689.08,Stuyvesant Ave & Hart St,40.69465,-73.9343,27,814,12.32,74.3,30.1
574,4507.07,Wilson Ave & Moffat St,40.68906,-73.90506,32,812,10.7,80.9,25.4
575,3696.05,Rogers Ave & Sterling St,40.6630619,-73.9538746,17,794,11.71,84.6,46.7
576,5034.03,Menahan St & Onderdonk Ave,40.70553,-73.9096,20,793,10.88,85.6,39.7
577,4237.02,Albany Ave & Fulton St,40.6800105,-73.938475,27,786,13.12,81.7,29.1
578,5082.08,Jefferson St & Cypress Ave,40.70907,-73.92157,25,785,13.39,78.9,31.4
579,4441.06,Broadway & Hancock St,40.68661064950837,-73.91683218964889,35,784,12.58,77.9,22.4
580,4756.04,Brooklyn Bridge Park - Pier 2,40.698458,-73.997178,31,783,17.64,68.2,25.3
580,3847.04,Carroll St & Franklin Ave,40.6679411,-73.9588,19,783,11.3,86.6,41.2
582,3811.05,16 St & 4 Ave,40.666197,-73.992466,30,780,10.8,90.6,26.0
583,4285.09,Rockaway Ave & Bainbridge St,40.68319988172761,-73.91166642308235,25,777,11.96,78.6,31.1
583,4422.05,Columbia St & Kane St,40.68763155,-74.0016256,20,777,11.34,84.3,38.9
585,3940.04,Sigourney St & Columbia St,40.67267243410948,-74.0087952464819,21,773,14.58,86.0,36.8
586,3975.02,Albany Ave & Park Pl,40.67297,-73.93896,20,771,9.62,88.3,38.6
587,3648.08,Kingston Ave & E New York Ave,40.66219,-73.94293,21,770,11.46,87.5,36.7
588,5106.04,Greene Ave & Grandview Ave,40.709697,-73.907856,17,769,10.11,86.9,45.2
589,3739.06,4 Ave & 17 St,40.665507,-73.993037,23,762,11.77,88.6,33.1
589,2898.01,Cortelyou Rd & Stratford Rd,40.63966,-73.96807,21,762,17.81,86.6,36.3
591,3736.03,Bedford Ave & Montgomery St,40.665816,-73.956934,27,756,11.23,84.4,28.0
592,4568.01,Van Buren St & Broadway,40.692,-73.92617,24,753,13.33,79.5,31.4
593,4947.04,Central Ave & Flushing Ave,40.702831,-73.9333,21,752,10.73,83.2,35.8
594,3768.02,Crown St & Rogers Ave,40.66639,-73.95346,21,750,11.79,87.3,35.7
595,4672.01,Menahan St & Central Ave,40.69543,-73.9196,25,748,11.3,80.2,29.9
595,5362.08,Withers St & Kingsland Ave,40.71773,-73.94051,18,748,10.24,84.9,41.6
597,4172.04,Herkimer St & New York Ave,40.67955,-73.94709,25,747,12.47,82.2,29.9
598,4491.09,Monroe St & Patchen Ave,40.68814,-73.92693,20,743,12.18,77.9,37.2
599,4591.04,Central Ave & Weirfield St,40.69055,-73.91181,21,742,11.35,77.1,35.3
600,5115.05,Willoughby Ave & Onderdonk Ave,40.7098,-73.91727,27,741,10.21,82.3,27.4
601,3125.09,Ocean Pkwy & Church Ave,40.644718957635746,-73.97451460361481,25,736,15.82,89.9,29.4
601,3520.01,Flatbush Ave & Fenimore St,40.65798,-73.96051,24,736,13.42,80.2,30.7
603,4695.04,Irving Ave & Halsey St,40.69467,-73.90663,19,729,11.2,75.4,38.4
604,3280.04,Fort Hamilton Pkwy & E 2 St,40.648005,-73.979342,19,721,12.29,88.3,37.9
604,4965.01,Lorimer St & Broadway,40.70411791,-73.94818595,29,721,11.53,79.8,24.9
606,5002.09,Harman St & Seneca Ave,40.70577,-73.91292,19,716,10.52,77.1,37.7
607,4576.11,Lafayette Ave & Stuyvesant Ave,40.6919925157634,-73.9325501024723,24,713,13.25,77.3,29.7
608,4243.01,Commerce St & Van Brunt St,40.6812117,-74.00860912,19,711,12.94,88.3,37.4
609,5084.03,Division Ave & Marcy Ave,40.70708701,-73.95796783,33,708,14.04,84.7,21.5
610,4550.05,Central Ave & Covert St,40.68929,-73.90951,30,702,11.18,85.6,23.4
611,5140.06,Bushwick Ave & Stagg St,40.709897,-73.94008,21,697,12.07,81.5,33.2
612,4721.01,Cedar St & Evergreen Ave,40.69671,-73.92807,25,690,12.52,82.3,27.6
613,3665.06,Sterling St & Bedford Ave,40.6627059,-73.9569115,19,687,12.17,85.3,36.2
614,3552.09,Bedford Ave & Fenimore St,40.65815,-73.95674,20,686,13.08,81.8,34.3
614,4181.10,Brevoort Pl & Bedford Ave,40.68012,-73.95362,24,686,12.21,83.5,28.6
616,4202.04,Richards St & Delavan St,40.6794327,-74.00785041,19,685,13.18,92.3,36.1
616,3376.04,Parkside Ave & Parade Pl,40.6532,-73.96639,22,685,11.53,81.2,31.1
618,4663.06,Putnam Ave & Knickerbocker Ave,40.69545,-73.91164,29,684,13.66,68.4,23.6
619,4334.02,Halsey St & Ralph Ave,40.68494,-73.92299,20,676,13.09,78.6,33.8
620,3710.07,Lefferts Ave & Schenectady Ave,40.66343,-73.93472,27,672,10.18,91.7,24.9
621,4366.01,Halsey St & Broadway,40.68565,-73.91564,20,663,10.55,81.1,33.2
622,4735.16,Hancock St & Wyckoff Ave,40.6972,-73.90674,19,662,12.83,76.1,34.8
623,4301.04,Macon St & Patchen Ave,40.68374,-73.9261,19,661,10.82,86.8,34.8
624,4095.10,Van Brunt St & Van Dyke St,40.6758329439129,-74.01472628116608,24,657,13.97,84.6,27.4
625,4298.05,Degraw St & Smith St,40.6829151,-73.99318208,27,656,9.88,89.2,24.3
625,3169.07,53 St & 4 Ave,40.644862,-74.014531,25,656,10.29,87.3,26.2
627,4220.02,Ralph Ave & Fulton St,40.67922,-73.92192,25,652,9.78,81.4,26.1
628,3306.03,5 Ave & 41 St,40.649983,-74.005144,30,651,12.62,83.7,21.7
629,4954.07,Madison St & Woodward Ave,40.70408,-73.90408,20,647,12.57,81.5,32.4
630,5225.02,Flushing Ave & Woodward Ave,40.71246,-73.91873,21,644,10.88,79.8,30.7
631,4871.02,71 Ave & Myrtle Ave,40.70067,-73.89907,27,642,10.54,74.6,23.8
632,4775.01,Irving Ave & Palmetto St,40.698,-73.9127,20,637,11.28,80.5,31.9
633,4458.06,Stuyvesant Ave & Gates Ave,40.68834,-73.93306,23,633,11.71,77.4,27.5
634,3202.06,48 St & 5 Ave,40.646351,-74.009271,27,632,10.1,88.3,23.4
635,3117.05,46 St & 7 Ave,40.644743,-74.003754,21,626,11.42,87.2,29.8
636,3492.04,34 St & 4 Ave,40.655278,-74.003101,23,623,11.11,86.8,27.1
637,3555.04,24 St & 5 Ave,40.659555,-73.995068,19,620,10.56,85.8,32.6
637,5860.02,Green St & McGuinness Blvd,40.73396,-73.95204,20,620,10.46,80.0,31.0
639,3408.05,Ocean Ave & Crooke Ave,40.65326,-73.96172,27,618,13.22,76.1,22.9
640,5057.07,67 Ave & Fresh Pond Rd,40.70575,-73.89676,30,617,10.82,80.6,20.6
640,4963.13,Menahan St & Seneca Ave,40.70461,-73.91054,16,617,10.85,82.0,38.6
642,5176.04,Bleecker St & Forest Ave,40.7107,-73.90525,19,611,8.84,85.6,32.2
643,5146.03,Stanhope St & Fairview Ave,40.70998,-73.91116,17,610,10.01,85.4,35.9
643,4330.09,Hoyt St & Warren St,40.6843549,-73.98901629,35,610,10.6,85.6,17.4
645,3312.07,Prospect Ave & Greenwood Ave,40.651745,-73.975988,20,609,8.38,86.7,30.5
646,3617.02,Maple St & New York Ave,40.66104,-73.94795,23,606,12.09,89.9,26.3
647,6025.08,39 St & 50 Ave,40.73824937345944,-73.92737478017807,19,602,11.51,86.7,31.7
648,4771.07,N Portland Ave & Flushing Ave,40.697926,-73.97663,33,601,11.65,83.9,18.2
649,3966.01,St Johns Pl & Utica Ave,40.6705,-73.9308,21,600,9.95,84.2,28.6
650,4375.02,Jefferson Ave & Patchen Ave,40.68609,-73.92628,19,597,12.32,79.7,31.4
651,6016.06,48 St & 50 Ave,40.73737,-73.91803,21,595,14.58,69.4,28.3
652,2984.04,Cortelyou Rd & Argyle Rd,40.64034,-73.96603,25,594,16.83,83.7,23.8
653,3515.01,7 Ave & 22 St,40.658029,-73.989605,25,589,9.21,90.5,23.6
654,4214.04,Verona Pl & Fulton St,40.6803560840434,-73.9476791024208,19,587,10.01,85.5,30.9
654,3180.02,Beverley Rd & Flatbush Ave,40.64499,-73.95818,30,587,13.59,88.1,19.6
656,4890.11,Menahan St & Wyckoff Ave,40.70113,-73.91422,20,586,15.07,77.3,29.3
656,3263.01,E 18 St & Church Ave,40.64958,-73.96316,31,586,11.78,82.1,18.9
658,4623.02,Knickerbocker Ave & Halsey St,40.693,-73.90824,19,585,11.52,77.8,30.8
659,4735.03,Putnam Ave & Wyckoff Ave,40.69811,-73.90904,24,581,11.8,81.1,24.2
660,5572.07,Van Dam St & Meeker Ave,40.72532,-73.9368,31,578,12.13,83.9,18.6
661,4416.10,Madison St & Malcolm X Blvd,40.68713,-73.93008,25,576,12.52,75.5,23.0
662,5785.10,Kent St & McGuinness Blvd,40.73124,-73.95161,20,573,14.88,89.4,28.7
663,3751.05,Crown St & Troy Ave,40.66559,-73.93712,20,571,13.73,85.1,28.6
663,4237.01,Lewis Ave & Decatur St,40.6814598,-73.934903,19,571,12.64,77.6,30.1
665,3166.03,Albemarle Rd & McDonald Ave,40.645074,-73.979681,20,566,10.66,84.1,28.3
666,3070.04,E 16 St & Cortelyou Rd,40.64173,-73.96364,26,562,13.76,82.0,21.6
667,4880.11,Madison St & Seneca Ave,40.70183,-73.90625,22,561,11.67,84.0,25.5
667,3022.01,Cortelyou Rd & E 19 St,40.64269,-73.96099,23,561,16.73,80.9,24.4
667,5887.03,Queens Blvd & 56 Ave,40.73481,-73.87431,38,561,14.52,77.9,14.8
670,4534.06,Lexington Ave & Patchen Ave,40.6904,-73.9277,18,560,13.14,74.6,31.1
671,3303.03,Caton Ave & Argyle Rd,40.649681,-73.967829,21,558,15.56,81.2,26.6
672,3463.01,Clarkson Ave & E 37 St,40.65577,-73.9432,22,557,24.67,81.9,25.3
673,4122.03,Pacific St & Troy Ave,40.67686,-73.93607,20,553,14.39,83.4,27.7
674,4719.04,St Felix Ave & 61 St,40.69715,-73.8936,19,551,10.38,77.9,29.0
675,3426.02,Prospect Ave & Vanderbilt St,40.653368,-73.976291,22,549,10.07,90.5,25.0
676,5027.02,Bushwick Ave & McKibbin St,40.705517,-73.93936,21,546,11.62,84.1,26.0
677,4301.07,MacDonough St & Malcolm X Blvd,40.68273,-73.92926,20,545,11.88,78.5,27.3
677,4228.06,Chauncey St & Malcolm X Blvd,40.68044,-73.92842,24,545,10.37,78.0,22.7
679,3272.01,E 8 St & Caton Ave,40.648055,-73.972432,30,540,12.69,86.3,18.0
680,3353.04,Greenwood Ave & E 4 St,40.650739,-73.977739,21,536,10.84,93.8,25.5
680,3596.04,4 Ave & 26 St,40.660079,-73.998633,24,536,10.48,87.5,22.3
682,4912.10,Catalpa Ave & Woodward Ave,40.70229,-73.90145,19,533,16.28,79.9,28.1
683,3585.06,Nostrand Ave & Rutland Rd,40.6595,-73.95041,20,532,12.78,84.8,26.6
683,3431.02,New York Ave & Lenox Rd,40.65458,-73.94716,24,532,20.91,85.2,22.2
683,4826.04,Wallabout St & Kent Ave,40.6991049,-73.960633406,23,532,15.11,80.3,23.1
683,3199.01,Caton Ave & E 7 St,40.647718,-73.973663,20,532,11.07,87.8,26.6
687,4818.02,Nostrand Ave & Flushing Ave,40.69928,-73.953259,25,531,15.27,77.8,21.2
688,4080.01,Schenectady Ave & Pacific St,40.67686,-73.93327,21,527,13.49,88.6,25.1
689,3090.06,Church Ave & McDonald Ave,40.642809,-73.979239,29,526,13.38,81.6,18.1
690,3688.06,Brooklyn Ave & Lefferts Ave,40.662564,-73.945565,20,520,9.05,81.2,26.0
691,3719.02,Lefferts Ave & Albany Ave,40.66288,-73.94019,24,516,9.85,89.5,21.5
692,5043.06,Suydam St & St Nicholas Ave,40.70636,-73.91945,17,513,10.14,84.2,30.2
693,3547.04,19 St & 8 Ave,40.658489,-73.985543,23,512,9.74,90.4,22.3
694,3472.03,Clarkson Ave & Nostrand Ave,40.6555,-73.94975,25,509,12.38,84.7,20.4
695,3728.05,New York Ave & Montgomery St,40.66509,-73.94824,20,507,12.18,94.3,25.4
695,4007.01,Schenectady Ave & Prospect Pl,40.67351,-73.93363,19,507,12.64,83.4,26.7
697,4137.14,Coffey St & Ferris St,40.67818387977647,-74.0170168876648,24,506,16.18,85.6,21.1
698,4743.04,Linden St & Knickerbocker Ave,40.69714,-73.91566,18,501,11.01,85.6,27.8
698,3294.03,E 21 St & Church Ave,40.65007,-73.96001,25,501,10.46,84.6,20.0
700,4862.04,Myrtle Ave & 65 St,40.70117,-73.8904,19,500,10.85,73.0,26.3
700,3335.09,Caton Ave & St. Pauls Pl,40.65153,-73.96277,21,500,12.26,80.6,23.8
702,3275.03,45 St & 4 Ave,40.649145,-74.009486,24,499,9.92,89.2,20.8
703,5433.04,Frost St & Debevoise Ave,40.71882,-73.93948,22,491,9.95,85.5,22.3
704,4399.03,Eldert St & Bushwick Ave,40.68652,-73.91321,22,490,14.02,75.3,22.3
705,3822.08,Schenectady Ave & President St,40.66732,-73.93398,22,488,9.27,86.9,22.2
705,3934.07,Troy Ave & Park Pl,40.67251,-73.93642,21,488,12.19,83.8,23.2
707,5354.01,Morgan Ave & Maspeth Ave,40.716657,-73.93637,25,483,11.7,77.2,19.3
708,3347.03,41 St & 4 Ave,40.651354,-74.007168,23,479,13.45,87.7,20.8
709,4982.02,Taylor St & Bedford Ave,40.705774,-73.963252,23,478,11.87,89.1,20.8
710,4994.10,Onderdonk Ave & Gates Ave,40.70413,-73.90737,19,472,10.38,82.2,24.8
711,4474.01,Halsey St & Evergreen Ave,40.68858,-73.91227,22,471,11.34,79.2,21.4
711,5090.06,Harrison Pl & Porter Ave,40.70686,-73.92851,20,471,14.71,79.4,23.6
713,3157.08,Turner Pl & Coney Island Ave,40.64521,-73.97073,20,470,14.02,85.7,23.5
714,3625.04,Bedford Ave & Maple St,40.66035,-73.95679,23,461,13.96,89.6,20.0
715,3056.05,12 Ave & 36 St,40.643546,-73.986418,21,457,15.72,83.6,21.8
716,5257.01,53 St & Flushing Ave,40.71435,-73.91405,19,455,14.57,82.2,23.9
717,5930.02,Queens Blvd & Broadway,40.73672,-73.87728,25,449,13.06,80.8,18.0
718,3512.03,Winthrop St & Rogers Ave,40.65686,-73.95331,20,448,11.21,80.6,22.4
718,4138.04,Thomas S. Boyland St & Fulton St,40.67854,-73.91367,24,448,9.8,81.3,18.7
720,3564.04,30 St & 4 Ave,40.657743,-74.001141,3,446,13.6,85.2,148.7
720,5123.07,Stewart Ave & Johnson Ave,40.70869,-73.92587,17,446,14.68,79.8,26.2
722,3011.03,59 St & 4 Ave,40.641269,-74.017651,35,445,10.53,89.0,12.7
723,3460.01,2 Ave & 36 St,40.65708866668485,-74.00870203971863,43,442,18.83,86.9,10.3
724,4086.06,Henry St & W 9 St,40.6763744,-74.00324957,19,441,11.8,87.8,23.2
725,5217.03,Amory Ct & Metropolitan Ave,40.71301,-73.90968,21,439,11.14,83.8,20.9
726,4816.05,Myrtle Ave & Grove St,40.69905,-73.91516,23,429,12.52,76.9,18.7
727,3972.08,Henry St & Bay St,40.6725058,-74.00494695,19,427,12.32,89.0,22.5
728,3230.01,Caton Ave & E 10 St,40.648481,-73.97058,30,424,11.66,82.5,14.1
729,3359.01,Church Ave & Nostrand Ave,40.65074,-73.94986,30,422,13.01,81.3,14.1
730,3148.08,E 17 St & Beverley Rd,40.64466,-73.96322,23,419,15.34,86.9,18.2
731,4317.05,Bushwick Ave & Furman Ave,40.68281,-73.90623,30,418,15.02,74.4,13.9
732,4161.01,Van Sinderen Ave & Truxton St,40.6786,-73.90369,23,416,13.75,74.8,18.1
733,5956.05,50 Ave & 65 St,40.73707,-73.90077,19,413,12.0,90.3,21.7
734,4261.03,Patchen Ave & Bainbridge St,40.68143,-73.92565,19,412,12.51,76.0,21.7
735,3931.09,Bay St & Court St,40.671409,-74.001328,26,411,13.98,90.8,15.8
736,4293.05,Chauncey St & Howard Ave,40.68158,-73.91959,21,410,10.05,84.6,19.5
736,3180.09,Albemarle Rd & E 21 St,40.64741,-73.95933,21,410,11.51,87.6,19.5
738,3266.01,7 Ave & 40 St,40.648169,-74.000057,24,403,12.63,87.6,16.8
739,3400.04,Rogers Ave & Lenox Rd,40.65378286163502,-73.95270188179111,23,393,15.81,80.4,17.1
740,4945.06,Fresh Pond Rd & 69 Ave,40.70311,-73.89547,28,391,11.86,76.2,14.0
740,4253.02,Thomas S. Boyland St & Marion St,40.6814658848122,-73.91415685415268,19,391,10.99,78.8,20.6
740,4137.10,Coffey St & Conover St,40.677236,-74.015665,32,391,14.16,89.0,12.2
743,4816.02,Myrtle Ave & Linden St,40.69943,-73.91337,25,384,9.75,82.6,15.4
744,5851.01,Greenpoint Ave & Monitor St,40.73224,-73.94383,20,383,12.12,83.8,19.2
745,3782.03,Carroll St & Utica Ave,40.66619,-73.93162,20,382,11.93,83.5,19.1
746,5097.02,60 Pl & Linden St,40.70886,-73.90182,21,378,11.81,80.4,18.0
746,3359.03,Linden Blvd & Nostrand Ave,40.65272,-73.94994,23,378,18.41,85.7,16.4
748,3576.1,Rutland Rd & Brooklyn Ave,40.65969,-73.94517,25,371,11.08,81.9,14.8
749,3544.02,Winthrop St & Nostrand Ave,40.65707,-73.95005,24,370,11.59,86.2,15.4
750,3007.05,Church Ave & Story St,40.642031,-73.981073,23,369,18.33,91.6,16.0
750,3608.06,Maple St & Albany Ave,40.66155,-73.93974,19,369,9.88,81.6,19.4
752,5845.02,Woodhaven Blvd & Hoffman Dr,40.73303,-73.871,30,368,20.15,71.7,12.3
753,5920.03,94 St & 57 Ave,40.73628,-73.86752,25,366,15.46,79.0,14.6
753,3523.06,29 St & 5 Ave,40.656986,-73.998194,19,366,11.29,90.2,19.3
755,3379.03,5 Ave & 37 St,40.652657,-74.002356,30,365,11.86,80.5,12.2
756,3728.04,Empire Blvd & New York Ave,40.66403,-73.94769,23,363,10.68,87.6,15.8
757,4357.01,Moffat St & Bushwick,40.68458,-73.90925,18,362,12.58,79.8,20.1
758,3934.06,Sterling Pl & Schenectady Ave,40.6716,-73.93378,21,361,12.43,87.3,17.2
758,3046.03,E 3 St & Church Ave,40.643817,-73.977433,21,361,13.34,92.2,17.2
758,4837.03,Centre St & Seneca Ave,40.69969,-73.9022,23,361,13.52,82.0,15.7
758,4798.02,Forest Ave & Summerfield St,40.69922,-73.89795,23,361,12.43,86.4,15.7
762,3038.08,50 St & 7 Ave,40.642501,-74.006055,22,360,12.04,79.2,16.4
763,4128.08,Pioneer St & Richards St,40.6777748,-74.0094613,23,355,17.39,85.9,15.4
764,3140.09,Bedford Ave & Beverley Rd,40.64491,-73.95487,24,354,17.4,85.9,14.8
765,5878.02,60 Ave & Junction Blvd,40.73466,-73.86501,24,352,12.65,79.3,14.7
766,3742.11,Carroll St & Rochester Ave,40.66598,-73.9284,21,350,16.79,77.7,16.7
766,4045.01,Clinton St & Centre St,40.67434,-74.00194698,21,350,14.58,85.4,16.7
768,4921.04,Cypress Ave & Palmetto St,40.701573408737914,-73.90876293182373,25,347,9.57,79.3,13.9
769,3208.07,Dahill Rd & 12 Ave,40.646037,-73.980963,22,346,14.43,89.0,15.7
770,3223.07,Ocean Ave & Tennis Ct,40.64873,-73.96084,23,339,15.37,78.2,14.7
770,3814.01,Buffalo Ave & E New York Ave,40.66591,-73.92602,24,339,17.46,80.8,14.1
772,3211.06,53 St & 2 Ave,40.64744,-74.018846,30,334,14.69,86.5,11.1
772,5057.09,64 St & Woodbine St,40.70809,-73.89549,19,334,11.36,75.4,17.6
774,2821.05,7 Ave & 62 St,40.63556,-74.01298,30,331,12.43,76.4,11.0
775,3853.02,Eastern Pkwy & Rochester Ave,40.66846,-73.9282,24,323,18.51,80.2,13.5
776,5129.01,Palmetto St & Traffic Ave,40.70929,-73.89441,21,322,14.73,89.8,15.3
777,5917.02,Bradley Ave & Greenpoint Ave,40.73565914819229,-73.93478840589523,21,321,11.2,82.6,15.3
778,2951.05,55 St & 7 Ave,40.639673,-74.008957,25,320,8.67,90.9,12.8
779,5168.04,Grove St & Fresh Pond Rd,40.71032,-73.89955,19,319,10.06,75.5,16.8
779,3132.09,Beverley Rd & Nostrand Ave,40.64507,-73.9488,25,319,16.06,74.6,12.8
781,3856.03,Flatbush Ave & Eastern Pkwy,40.668757,-73.966438,30,314,12.34,80.9,10.5
782,3966.03,Park Pl & Utica Ave,40.67242,-73.93094,21,311,11.44,84.2,14.8
783,3394.03,McDonald Ave & Vanderbilt St,40.651654,-73.981231,21,310,14.03,90.6,14.8
784,3256.04,Bedford Ave & Albemarle Rd,40.64796,-73.9556,21,309,15.23,74.4,14.7
785,6001.01,Borden Ave & Review Ave,40.73866345465306,-73.94093804061413,19,302,13.41,86.8,15.9
785,4366.10,Decatur St & Saratoga Ave,40.68332,-73.91711,21,302,14.74,81.8,14.4
787,4582.08,Knickerbocker Ave & Moffat St,40.690434,-73.903737,24,300,11.26,83.0,12.5
788,2932.03,Wakeman Pl & Ridge Blvd,40.639421,-74.026823,19,299,20.43,82.6,15.7
789,5225.04,Metropolitan Ave & Flushing Ave,40.71334,-73.91572,19,298,12.97,74.5,15.7
790,5099.03,White St & Johnson Ave,40.707174,-73.93581,23,297,14.37,80.5,12.9
790,3093.07,57 St & 4 Ave,40.642622,-74.016866,22,297,12.82,80.8,13.5
790,4031.05,St Marks Ave & Ralph Ave,40.67372,-73.92199,19,297,13.28,81.8,15.6
793,3535.03,Winthrop St & Albany Ave,40.6577,-73.9398,21,296,10.7,85.8,14.1
793,4325.03,Thomas S. Boyland St & Macon St,40.68491,-73.91493,21,296,12.17,82.1,14.1
795,3981.10,Dwight St & Van Dyke St,40.67363551341504,-74.01195555925369,23,295,16.61,86.1,12.8
795,4170.08,Somers St & Rockaway Ave,40.67872,-73.91105,20,295,11.49,83.4,14.8
795,3148.09,E 19 St & Beverley Rd,40.64483,-73.9613,19,295,13.99,85.8,15.5
798,4432.10,Central Ave & Decatur St,40.6882,-73.90798,24,294,13.71,77.2,12.3
799,4086.05,Columbia St & W 9 St,40.6769993,-74.00647134,21,293,10.74,87.0,14.0
800,5881.01,Tyler Ave & Maurice Ave,40.73394,-73.90128,19,291,15.0,91.8,15.3
800,3680.04,E New York Ave & Troy Ave,40.66227,-73.93762,21,291,9.34,88.3,13.9
802,4179.03,Fulton St & Saratoga Ave,40.67853,-73.91642,19,290,13.21,66.9,15.3
803,4977.03,65 St & Otto Rd,40.70389,-73.89116,21,288,10.24,80.6,13.7
803,3113.10,Stratford Rd & Beverley Rd,40.64378,-73.96867,19,288,11.6,92.7,15.2
805,4196.01,Lewis Ave & Fulton St,40.67972,-73.93467,20,284,14.47,79.6,14.2
806,4615.01,Wyckoff Ave & Cooper Ave,40.69338,-73.90061,19,282,15.18,76.6,14.8
807,5923.02,51 Ave & 61 St,40.73568,-73.90387,19,280,10.3,92.5,14.7
808,5280.03,Fresh Pond Rd & Eliot Ave,40.71442,-73.90097,20,277,14.08,83.0,13.9
809,3113.06,Rugby Rd & Beverley Rd,40.64435,-73.96591,25,276,14.18,87.7,11.0
810,5998.09,61 St & Laurel Hill Blvd,40.7388,-73.90338,19,275,11.65,88.7,14.5
810,3161.02,46 St & 6 Ave,40.645921,-74.005708,21,275,12.06,91.3,13.1
812,4146.02,Columbus Pl & Atlantic Ave,40.67717,-73.92285,21,274,13.25,79.6,13.0
813,4212.01,MacDougal St & Rockaway Ave,40.68018,-73.91136,20,271,12.35,83.4,13.6
813,4039.04,St Marks Ave & Rochester Ave,40.67404,-73.92772,20,271,17.44,70.1,13.6
815,4244.06,Broadway & Furman Ave,40.68139,-73.90756,29,270,11.82,72.6,9.3
816,3000.08,6 Ave & 55 St,40.640831,-74.010996,19,266,12.74,78.6,14.0
817,4064.03,Bergen St & Saratoga Ave,40.67423,-73.91656,20,258,11.24,73.3,12.9
817,3950.03,Park Pl & Thomas S. Boyland St,40.67154,-73.91433,23,258,12.75,80.2,11.2
817,3135.04,Chester Ave & 12 Ave,40.644367,-73.984276,21,258,13.78,88.0,12.3
820,2832.03,4 Ave & Shore Road Dr,40.637033,-74.022141,20,256,20.85,75.8,12.8
821,3504.02,New York Ave & Hawthorne St,40.65794,-73.94735,20,254,11.77,89.8,12.7
822,4120.02,Fulton St & Williams Ave,40.67709,-73.9008,21,250,15.36,79.2,11.9
823,4830.02,61 St & 60 Ln,40.70055,-73.8943,18,246,9.65,81.7,13.7
824,4048.03,Bergen St & Troy Ave,40.67524,-73.93596,22,244,13.11,84.0,11.1
825,3172.01,Tilden Ave & Nostrand Ave,40.64683,-73.94933,17,243,16.96,85.6,14.3
826,5570.04,Grand Ave & Remsen Pl,40.72353,-73.89967,21,242,15.42,63.2,11.5
827,4072.02,Bergen St & Buffalo Ave,40.6747,-73.92512,21,241,13.53,68.0,11.5
828,5241.02,Metropolitan Ave & Vandervoort Ave,40.71429,-73.93323,24,238,15.38,79.8,9.9
829,4862.07,Cooper Ave & 65 Pl,40.69953,-73.88873,23,237,14.01,84.8,10.3
829,3999.06,Park Pl & Buffalo Ave,40.67202,-73.92539,20,237,14.16,73.4,11.9
831,4054.06,Dwight St & Dikeman St,40.67487503856169,-74.01048018571481,21,233,13.47,85.0,11.1
832,3707.01,23 St & 3 Ave,40.662611,-73.998623,17,232,13.98,86.2,13.6
833,4154.02,Pacific St & Utica Ave,40.6767,-73.93051,20,227,13.92,86.8,11.4
834,4408.07,Macon St & Howard Ave,40.68452,-73.92011,20,225,19.38,80.0,11.3
835,3779.02,3 Ave & 17 St,40.666168,-73.995549,21,223,12.06,89.2,10.6
836,4727.06,Summerfield St & Cypress Ave,40.69662,-73.90056,19,222,9.91,87.4,11.7
836,2861.02,57 St & 7 Ave,40.638566,-74.010147,22,222,11.63,78.4,10.1
838,3776.10,McKeever Pl & Sullivan Pl,40.66432331577469,-73.95921791486467,19,221,13.75,83.3,11.6
839,3034.02,Matthews Ct & Coney Island Ave,40.64235,-73.96951,21,220,11.51,86.4,10.5
840,4105.01,Pacific St & Ralph Ave,40.67607,-73.92171,19,219,15.77,77.6,11.5
841,6005.04,55 Ave & 90 St,40.73676,-73.87318,21,218,11.08,84.9,10.4
842,5992.02,36 St & Hunters Point Ave,40.73781699881193,-73.93024072051048,21,217,11.92,78.8,10.3
843,4087.01,Van Sinderen Ave & Atlantic Ave,40.67621,-73.90351,22,215,15.07,78.1,9.8
843,2782.02,5 Ave & 67 St,40.63593237994821,-74.01975896253617,20,215,19.83,77.2,10.8
845,5053.01,Lee Ave & Taylor St,40.706732,-73.961241,25,207,13.49,79.2,8.3
846,4013.08,Columbia St & Lorraine St,40.6747055,-74.0075572,37,205,12.92,86.3,5.5
846,4933.03,Marcy Ave & Lynch St,40.702753,-73.953168,23,205,14.13,87.8,8.9
848,5199.01,65 Ln & Metropolitan Ave,40.7123,-73.89397,24,204,15.77,85.3,8.5
848,2883.03,3 Ave & Wakeman Pl,40.638246,-74.024714,27,204,16.94,82.4,7.6
850,3129.08,53 St & 5 Ave,40.643371,-74.011884,30,202,11.21,86.6,6.7
851,5138.03,60 Pl & Bleecker St,40.71107,-73.903,19,201,13.48,78.1,10.6
851,5579.04,55 Dr & Maurice Ave,40.7261,-73.90917,19,201,16.92,65.7,10.6
851,4187.04,Sumpter St & Fulton St,40.67923,-73.92588,19,201,14.45,82.6,10.6
854,3220.01,58 St & Pier 4,40.646475,-74.026081,31,198,15.22,84.3,6.4
855,5764.02,65 Pl & 53 Ave,40.73145,-73.90022,19,197,12.48,60.4,10.4
856,5321.08,60 Ave & Fresh Pond Rd,40.71693,-73.90198,19,194,14.52,75.8,10.2
857,5273.01,Metropolitan Ave & Stewart Ave,40.71401,-73.92793,20,192,16.27,81.3,9.6
858,5956.04,64 St & 51 Ave,40.73577,-73.90184,19,191,14.77,91.1,10.1
859,4033.18,Sterling Pl & Classon Ave,40.6739411,-73.96026,29,190,11.03,85.3,6.6
860,4990.02,Railroad Ave & Kay Ave,40.70514807698391,-73.97078096866608,30,186,17.74,80.6,6.2
861,6028.01,57 Ave & 98 Pl,40.73802,-73.86103,25,184,10.23,85.3,7.4
862,5160.01,Metropolitan Ave & 65 Ln,40.71225,-73.89111,26,183,23.0,80.3,7.0
863,3178.02,57 St & 1 Ave,40.646377,-74.023087,27,180,13.29,88.3,6.7
864,5248.05,Eliot Ave & 60 Ln,40.71391,-73.90299,22,179,15.49,77.7,8.1
865,5953.03,97 St & 57 Ave,40.73727,-73.86415,20,178,13.46,83.1,8.9
865,3958.02,Sterling Pl & Ralph Ave,40.67095,-73.92222,19,178,15.26,78.7,9.4
867,3214.04,Tilden Ave & Lott St,40.64661,-73.95401,19,174,16.57,83.9,9.2
868,3286.07,Rogers Ave & Snyder Ave,40.6487143313713,-73.95207855180962,23,170,20.17,81.2,7.4
869,3845.05,Eastern Pkwy & Ralph Ave,40.66852,-73.92284,21,167,12.62,81.4,8.0
869,5709.04,Lorimer St & Calyer St,40.72795,-73.95414,20,167,8.53,90.4,8.4
871,2912.08,6 Ave & 60 St,40.638196,-74.013821,22,166,10.51,88.0,7.5
872,3454.01,Clarkson Ave & Troy Ave,40.65630069792407,-73.93647529780917,23,164,20.16,92.7,7.1
872,5548.01,58 St & 56 Dr,40.72419,-73.91244,19,164,16.22,70.1,8.6
874,3188.04,Rugby Rd & Albemarle Rd,40.64672,-73.96637,19,162,14.21,88.3,8.5
875,4113.01,Pacific St & Rochester Ave,40.67639,-73.92748,19,160,12.34,76.9,8.4
875,4687.03,Cypress Ave & St Felix Ave,40.69559,-73.89927,21,160,12.29,84.4,7.6
877,3050.03,55 St & 5 Ave,40.642408,-74.013318,28,157,10.26,89.8,5.6
877,2733.03,67 St & Erik Pl,40.633385,-74.016562,25,157,22.98,80.9,6.3
879,5440.05,57 St & Grand Ave,40.71921,-73.9124,19,155,14.07,64.5,8.2
880,3991.04,Prospect Pl & Howard Ave,40.67261,-73.91977,19,153,12.01,76.5,8.1
880,4985.09,60 Pl & 67 Ave,40.70497,-73.89965,15,153,13.39,84.3,10.2
882,3495.08,Lenox Rd & E 43 St,40.65496,-73.93765,21,152,25.68,88.8,7.2
883,3315.05,44 St & 3 Ave,40.651173,-74.011405,23,150,12.02,76.0,6.5
884,3084.05,52 St & 6 Ave,40.642703,-74.009441,19,148,8.52,60.8,7.8
885,4765.07,Cypress Ave & George St,40.69812,-73.90271,19,146,13.59,77.4,7.7
885,3925.03,Sterling Pl & Rochester Ave,40.67128,-73.92825,22,146,24.51,71.9,6.6
887,4023.05,Pacific St & Thomas S. Boyland St,40.67568,-73.91396,21,145,12.83,81.4,6.9
888,5360.02,60 St & 60 Rd,40.71592232709503,-73.90601366758347,19,144,15.85,77.1,7.6
889,5369.01,Grand Ave & 55 St,40.71888,-73.91427,19,140,16.2,65.7,7.4
890,6056.02,Queens Blvd & Albion Ave,40.73856,-73.88553,21,136,11.1,71.3,6.5
890,5289.05,56 St & Arnold Ave,40.71484,-73.909,21,136,12.07,60.3,6.5
892,4055.04,Bergen St & Mother Gaston Blvd,40.67374,-73.90852,24,135,24.25,73.3,5.6
893,3187.01,Beverley Rd & E 49 St,40.64621,-73.93067,22,134,30.44,58.2,6.1
893,5987.03,99 St & 58 Ave,40.73761,-73.85959,25,134,15.78,61.2,5.4
895,3451.01,34 St & 5 Ave,40.654098,-74.001131,19,131,10.12,87.8,6.9
896,5409.02,Page Pl & Grand Ave,40.71798,-73.91818,21,129,12.11,68.2,6.1
897,4904.03,Cypress Hills St & Otto Rd,40.70204,-73.89288,19,128,13.32,69.5,6.7
898,3327.01,Lott St & Erasmus St,40.64949,-73.95408,19,127,15.13,81.9,6.7
899,3486.02,Clarkson Ave & Utica Ave,40.65666,-73.93109,20,125,17.63,86.4,6.3
900,2961.05,59 St & 5 Ave,40.640125,-74.015726,30,119,10.71,94.1,4.0
901,3885.06,Buffalo Ave & St John's Pl,40.67015,-73.92538,21,117,13.66,67.5,5.6
902,5962.04,56 Ave & 92 St,40.73649,-73.86995,25,115,14.11,73.0,4.6
902,3087.01,Cortelyou Rd & E 34 St,40.64454,-73.94486,19,115,12.93,76.5,6.1
904,3300.04,E 49 St & Church Ave,40.65182,-73.93135,25,114,17.2,78.9,4.6
905,5945.01,60 Ave & Otis Ave,40.73715,-73.85614,21,112,15.51,67.0,5.3
905,5806.01,53 Ave & 62 St,40.73169,-73.90159,19,112,26.04,88.4,5.9
907,3253.01,52 St & 1 Ave,40.649292,-74.020105,22,111,16.78,92.8,5.0
907,5688.02,64 St & 53 Dr,40.72897,-73.90115,19,111,16.64,85.6,5.8
907,3283.05,48 St & 2 Ave,40.650176,-74.015606,19,111,16.24,86.5,5.8
910,4757.06,Seneca Ave & Decatur St,40.69723,-73.89811,20,109,8.79,88.1,5.5
911,6047.03,51 Ave & Van Loon St,40.73832,-73.87913,24,108,12.88,86.1,4.5
912,3318.05,E 34 St & Church Ave,40.65116,-73.94577,25,107,16.94,85.0,4.3
913,3243.02,47 St & 3 Ave,40.649143,-74.012384,23,104,8.61,79.8,4.5
914,5540.06,56 Dr & 61 St,40.72368,-73.90458,19,103,17.42,52.4,5.4
915,3246.06,New York Ave & Snyder Ave,40.64868,-73.94635,22,102,15.9,93.1,4.6
916,6014.01,St James Ave & 51 Ave,40.73813,-73.88104,21,101,10.98,87.1,4.8
917,4096.08,Dean St & Rockaway Ave,40.67486,-73.91123,21,98,13.51,81.6,4.7
917,5501.06,Fresh Pond Rd & Flushing Ave,40.72155,-73.90295,19,98,19.36,38.8,5.2
917,4798.10,Stephen St & Seneca Ave,40.6988,-73.9007,15,98,9.61,72.4,6.5
917,4440.02,Yankee Ferry Terminal,40.68706579875912,-74.01675585121666,42,98,26.52,46.9,2.3
921,4203.04,Somers St & Broadway,40.67945,-73.90474,29,95,11.26,74.7,3.3
922,2923.01,62 St & 4 Ave,40.639859,-74.019776,19,92,10.69,75.0,4.8
923,4129.10,Herkimer St & Eastern Pkwy,40.67738,-73.90829,20,89,15.6,82.0,4.5
923,3877.04,Pitkin Ave & Grafton St,40.66852,-73.91908,21,89,18.18,82.0,4.2
925,3382.04,Troy Ave & Linden Blvd,40.6533,-73.93644,23,87,9.74,80.5,3.8
926,3917.03,St Johns Pl & Howard Ave,40.66992,-73.92002,21,85,12.83,81.2,4.0
926,3019.03,Keegan Rd & 2 Ave,40.64243139706092,-74.0255355834961,35,85,21.2,91.8,2.4
928,3532.02,2 Ave & 32 St,40.659176,-74.006584,27,80,14.82,91.3,3.0
928,4023.01,St Marks Ave & Thomas S. Boyland St,40.67313,-73.91387,21,80,17.14,68.8,3.8
930,3278.07,Brooklyn Ave & Snyder Ave,40.64915,-73.94368,22,77,22.85,74.0,3.5
931,3982.01,Eastern Pkwy\t& St Marks Ave,40.67319,-73.91083,23,76,17.44,72.4,3.3
932,5137.12,Gold St & Frankfort St,40.71069995,-74.00354147,40,75,12.97,92.0,1.9
933,3121.01,Cortelyou Rd & Albany Ave,40.64483,-73.93853,21,74,12.79,74.3,3.5
934,3388.02,41 St & 3 Ave,40.652512,-74.008906,19,73,13.98,84.9,3.8
934,3526.04,Winthrop St & Schenectady Ave,40.6582,-73.9338,21,73,13.01,91.8,3.5
936,4920.13,South St & Broad St,40.70188858913366,-74.01089876890182,31,70,19.54,78.6,2.3
937,3341.06,Church Ave & E 45 St,40.65159,-73.93535,24,68,12.98,70.6,2.8
937,3567.05,Rutland Rd & E 45 St,40.66034,-73.93618,23,68,12.76,88.2,3.0
939,5611.05,63 St & Borden Ave,40.72655,-73.90321,21,65,20.49,58.5,3.1
940,3639.04,Schenectady Ave & Maple St,40.66178,-73.93445,19,64,13.46,81.3,3.4
940,4892.02,Lorimer St & Harrison Ave,40.702726,-73.94984,18,64,13.2,81.3,3.6
942,4014.01,Pacific St & Sackman St,40.67522,-73.9061,19,61,21.63,55.7,3.2
943,3309.04,Church Ave & E 42 St,40.65127,-73.93818,25,60,19.6,71.7,2.4
943,5510.02,57 Rd & 59 St,40.72249,-73.90854,19,60,18.28,58.3,3.2
943,4374.01,Picnic Point,40.68512559515415,-74.02535319328308,45,60,21.75,43.3,1.3
946,3155.01,Schenectady Ave & Cortelyou Rd,40.64535,-73.93268,22,59,16.04,78.0,2.7
946,5392.04,63 St & 59 Dr,40.71832,-73.90128,23,59,12.95,67.8,2.6
948,2872.02,63 St & 5 Ave,40.63766,-74.01782,24,58,10.61,79.3,2.4
949,5510.05,57 Rd & 58 St,40.72235,-73.91215,21,57,12.84,68.4,2.7
949,3423.10,Clarkson Ave & E 40 St,40.65592,-73.94068,30,57,31.37,75.4,1.9
951,5431.01,60 Pl & Flushing Ave,40.71988,-73.90556,19,54,21.77,74.1,2.8
951,3229.07,E 48 St & Tilden Ave,40.64795,-73.93182,28,54,27.29,79.6,1.9
953,5471.04,Grand Ave & 58 Ave,40.72098,-73.90701,20,52,12.76,63.5,2.6
954,5731.03,Maurice Ave & 53 Dr,40.73028,-73.90421,15,50,15.21,64.0,3.3
955,2971.02,64 St & 3 Ave,40.639978,-74.02324,35,49,19.18,75.5,1.4
956,3373.01,E 51 St & Linden Blvd,40.65399,-73.92967,21,46,14.09,89.1,2.2
957,5579.02,56 Dr & 59 St,40.72403,-73.90853,19,45,16.91,73.3,2.4
957,3350.04,E 38 St & Church Ave,40.65106,-73.94193,24,45,29.1,68.9,1.9
959,3164.04,Brooklyn Ave & Beverley Rd,40.64575,-73.94331,21,44,22.01,36.4,2.1
960,5995.07,56 Ave & Junction Blvd,40.73716,-73.86625,22,42,9.81,69.0,1.9
961,6070.05,55 Ave & 97 Pl,40.73892,-73.86367,19,40,11.99,72.5,2.1
962,3391.10,E 34 St & Linden Blvd,40.65302,-73.94599,24,39,8.59,89.7,1.6
962,4933.04,Marcy Ave & Rutledge St,40.703681,-73.95427,19,39,16.01,92.3,2.1
964,5611.04,61 St & Borden Ave,40.72558,-73.90417,21,38,11.94,60.5,1.8
965,5401.03,59 St & 59 Rd,40.71790852734058,-73.908454477787,21,33,14.84,54.5,1.6
966,3019.02,65 St & 2 Ave,40.640493,-74.02564,21,31,21.83,80.6,1.5
967,3300.06,Snyder Ave & Schenectady Ave,40.65,-73.93296,19,29,15.95,51.7,1.5
968,3388.03,40 St & 3 Ave,40.6535,-74.00902,31,25,12.4,88.0,0.8
969,3205.06,Brooklyn Ave & Tilden Ave,40.64725,-73.94352,24,22,18.75,68.2,0.9
970,JC009,Hamilton Park,40.727595966,-74.044247311,26,2,5.67,100.0,0.1
971,JC023,Brunswick St,40.7241765,-74.0506564,22,1,4.54,0.0,0.0
971,HB401,Southwest Park - Jackson St & Observer Hwy,40.73755127245804,-74.04166370630264,20,1,7.2,100.0,0.1
971,JC115,Grove St PATH,40.71941,-74.04309,42,1,5.06,100.0,0.0
971,JC109,Bergen Ave & Sip Ave,40.73100888698729,-74.06443700194359,33,1,5.55,100.0,0.0
971,JC020,Baldwin at Montgomery,40.7236589,-74.0641943,14,1,7.53,100.0,0.1
971,HB609,River St & 1 St,40.73721535335381,-74.02886540972803,24,1,3.78,100.0,0.0
971,JC099,Montgomery St,40.71942,-74.05099,14,1,7.4,100.0,0.1
971,JC103,Journal Square,40.73367,-74.0625,18,1,5.0,100.0,0.1
